DISTRITO,REGIÓN,PACTO,ORDEN,NOMBRE,PARTIDO,PARTIDO ASOCIADO,DIPUTADO 2025,SENADOR 2025
1,REGIÓN DE ARICA Y PARINACOTA,CHILE GRANDE Y UNIDO,1,JUAN CARLOS CHINGA PALMA,IND,RN,,
1,REGIÓN DE ARICA Y PARINACOTA,CHILE GRANDE Y UNIDO,2,SEBASTIAN HUERTA GONZALEZ,UDI,,,
1,REGIÓN DE ARICA Y PARINACOTA,CHILE GRANDE Y UNIDO,3,VIVIANA RUBIO TORRES,EVOPOLI,,,
1,REGIÓN DE ARICA Y PARINACOTA,CHILE GRANDE Y UNIDO,4,ARACELY BERRIOS GAJARDO,EVOPOLI,,,
1,REGIÓN DE ARICA Y PARINACOTA,"VERDES, REGIONALISTAS Y HUMANISTAS",1,RICARDO LUIS SANZANA OTEIZA,IND,AH,,
1,REGIÓN DE ARICA Y PARINACOTA,"VERDES, REGIONALISTAS Y HUMANISTAS",2,LEONARDO WILSON VALENZUELA ATENAS,AH,,,
1,REGIÓN DE ARICA Y PARINACOTA,"VERDES, REGIONALISTAS Y HUMANISTAS",3,PAULINA PATRICIA SALDIA PINTO,IND,AH,,
1,REGIÓN DE ARICA Y PARINACOTA,"VERDES, REGIONALISTAS Y HUMANISTAS",4,LUIS ALEJANDRO PAREDES ESCANILLA,FREVS,,,
1,REGIÓN DE ARICA Y PARINACOTA,CAMBIO POR CHILE,1,MARCELO ANDRÉS ZARA PIZARRO,PNL,,,
1,REGIÓN DE ARICA Y PARINACOTA,CAMBIO POR CHILE,2,JOSÉ GUSTAVO LEE RODRIGUEZ,PSC,,1.0,
1,REGIÓN DE ARICA Y PARINACOTA,CAMBIO POR CHILE,3,STEPHANIE JELDREZ ORTIZ,REP,,,
1,REGIÓN DE ARICA Y PARINACOTA,CAMBIO POR CHILE,4,POLLYANA RIVERA BIGAS,REP,,,
1,REGIÓN DE ARICA Y PARINACOTA,UNIDAD POR CHILE ,1,LUIS FABIÁN MALLA VALENZUELA,PL,,1.0,
1,REGIÓN DE ARICA Y PARINACOTA,UNIDAD POR CHILE ,2,JORGE DÍAZ OBARRA,PDC,,,
1,REGIÓN DE ARICA Y PARINACOTA,UNIDAD POR CHILE ,3,GIOVANNA CALLE CAPUMA,PPD,,,
1,REGIÓN DE ARICA Y PARINACOTA,UNIDAD POR CHILE ,4,SANDRA FLORES,PS,,,
1,REGIÓN DE ARICA Y PARINACOTA,PARTIDO DE LA GENTE ,1,RODRIGO CUEVAS TRONCOSO,PDG,,,
1,REGIÓN DE ARICA Y PARINACOTA,PARTIDO DE LA GENTE ,2,ERNESTO RODRIGO PLASENCIA ROJAS,PDG,,,
1,REGIÓN DE ARICA Y PARINACOTA,PARTIDO DE LA GENTE ,3,RAÚL ALEXANDER PARADA FLORES,PDG,,,
1,REGIÓN DE ARICA Y PARINACOTA,PARTIDO DE LA GENTE ,4,CANDY KATIUSKA ANDRADE JARA,PDG,,,
1,REGIÓN DE ARICA Y PARINACOTA,IZQUIERDA ECOLOGISTA POPULAR ANIMALISTA Y HUMANISTA,1,ANA ANDREA CARVAJAL MARIPÁN,IEPAYH,,,
1,REGIÓN DE ARICA Y PARINACOTA,IZQUIERDA ECOLOGISTA POPULAR ANIMALISTA Y HUMANISTA,2,JUAN JACOBO TANCARA CHAMBE,IEPAYH,,,
1,REGIÓN DE ARICA Y PARINACOTA,IZQUIERDA ECOLOGISTA POPULAR ANIMALISTA Y HUMANISTA,3,ROBERTO SAMUEL FLORES SALGADO,IEPAYH,,,
2,REGIÓN DE TARAPACÁ,CHILE GRANDE Y UNIDO,1,XIMENA NARANJO PINTO,IND,UDI,,
2,REGIÓN DE TARAPACÁ,CHILE GRANDE Y UNIDO,2,VITTORIO CANESSA MORALES,IND,EVOPOLI,,
2,REGIÓN DE TARAPACÁ,CHILE GRANDE Y UNIDO,3,IVAN JIMENEZ CORREA,DEMOCRATAS,,,
2,REGIÓN DE TARAPACÁ,CHILE GRANDE Y UNIDO,4,RAMON GALLEGUILLOS CASTILLO,RN,,,
2,REGIÓN DE TARAPACÁ,"VERDES, REGIONALISTAS Y HUMANISTAS",1,MARCO ANTONIO CALCAGNO ZULETA,IND,AH,,
2,REGIÓN DE TARAPACÁ,"VERDES, REGIONALISTAS Y HUMANISTAS",2,RUBEN CRISTOBAL ROJO SEMBLER,AH,,,
2,REGIÓN DE TARAPACÁ,"VERDES, REGIONALISTAS Y HUMANISTAS",3,ANGEL CAMPOS DIAZ,IND,FREVS,,
2,REGIÓN DE TARAPACÁ,"VERDES, REGIONALISTAS Y HUMANISTAS",4,ENZO MORALES NORAMBUENA,IND,FREVS,,
2,REGIÓN DE TARAPACÁ,CAMBIO POR CHILE,1,JORGE MUÑOZ OYARCE,REP,,,
2,REGIÓN DE TARAPACÁ,CAMBIO POR CHILE,2,CRISTIÁN ANDRÉS CABEZAS MUNDACA,PSC,,,
2,REGIÓN DE TARAPACÁ,CAMBIO POR CHILE,3,ÁLVARO ARTURO JOFRÉ CÁCERES,PNL,,,
2,REGIÓN DE TARAPACÁ,CAMBIO POR CHILE,4,AGUSTÍN RENDIC GALLEGUILLOS,PNL,,,
2,REGIÓN DE TARAPACÁ,UNIDAD POR CHILE ,1,MATÍAS RAMÍREZ PASCAL,PC,,1.0,
2,REGIÓN DE TARAPACÁ,UNIDAD POR CHILE ,2,CARLOS CARVAJAL CARVAJAL GALLARDO,IND,PPD,,
2,REGIÓN DE TARAPACÁ,UNIDAD POR CHILE ,3,ABRAHAM ELÍAS DÍAZ MAMI,PDC,,,
2,REGIÓN DE TARAPACÁ,UNIDAD POR CHILE ,4,NOEMÍ SALINAS POLANCO,FA,,,
2,REGIÓN DE TARAPACÁ,PARTIDO DE LA GENTE ,1,PATRICIO ANDRÉS QUISBERT LAZO,PDG,,,
2,REGIÓN DE TARAPACÁ,PARTIDO DE LA GENTE ,2,ANA MARÍA TORO OJANE,PDG,,,
2,REGIÓN DE TARAPACÁ,PARTIDO DE LA GENTE ,3,CLAUDIO SAÉZ MUÑOZ,PDG,,,
2,REGIÓN DE TARAPACÁ,PARTIDO DE LA GENTE ,4,JESSICA SOLEDAD BECERRA CANTILLANO,PDG,,,
3,REGIÓN DE ANTOFAGASTA,CHILE GRANDE Y UNIDO,1,JOSE MIGUEL CASTRO BASCUÑAN,RN,,1.0,
3,REGIÓN DE ANTOFAGASTA,CHILE GRANDE Y UNIDO,2,DANIELA CASTRO ARAYA,RN,,,
3,REGIÓN DE ANTOFAGASTA,CHILE GRANDE Y UNIDO,3,CAROLINA LATORRE CRUZ,DEMOCRATAS,,,
3,REGIÓN DE ANTOFAGASTA,CHILE GRANDE Y UNIDO,4,JOSE LUIS VELIZ VELIZ,IND,DEMOCRATAS,,
3,REGIÓN DE ANTOFAGASTA,CHILE GRANDE Y UNIDO,5,JORGE OLIVARES PUENTES,EVOPOLI,,,
3,REGIÓN DE ANTOFAGASTA,CHILE GRANDE Y UNIDO,6,YANTIEL CALDERON VALENZUELA,EVOPOLI,,,
3,REGIÓN DE ANTOFAGASTA,"VERDES, REGIONALISTAS Y HUMANISTAS",1,HERNAN VELASQUEZ NUÑEZ,FREVS,,,
3,REGIÓN DE ANTOFAGASTA,"VERDES, REGIONALISTAS Y HUMANISTAS",2,MARION TAPIA GONZALEZ,FREVS,,,
3,REGIÓN DE ANTOFAGASTA,"VERDES, REGIONALISTAS Y HUMANISTAS",3,DANAHE ROJAS MAMANI,FREVS,,,
3,REGIÓN DE ANTOFAGASTA,"VERDES, REGIONALISTAS Y HUMANISTAS",4,MARIA GLORIA LAZCANO TORRES,AH,,,
3,REGIÓN DE ANTOFAGASTA,"VERDES, REGIONALISTAS Y HUMANISTAS",5,EDUARDO ARIEL SOTOMAYOR ORTIZ,AH,,,
3,REGIÓN DE ANTOFAGASTA,"VERDES, REGIONALISTAS Y HUMANISTAS",6,MARCO ANTONIO RAMO PAEZ,AH,,,
3,REGIÓN DE ANTOFAGASTA,CAMBIO POR CHILE,1,YOVANA ALEJANDRA AHUMADA PALMA,PSC,,1.0,
3,REGIÓN DE ANTOFAGASTA,CAMBIO POR CHILE,2,CAROLINA JUDITH MOSCOSO CARRASCO,PSC,,,
3,REGIÓN DE ANTOFAGASTA,CAMBIO POR CHILE,3,LESLIE CAROLINA MOLL VERA,PSC,,,
3,REGIÓN DE ANTOFAGASTA,CAMBIO POR CHILE,4,ADRIANA DE LOURDES JIMÉNEZ RETAMAL,PNL,,,
3,REGIÓN DE ANTOFAGASTA,CAMBIO POR CHILE,5,CARLO ARQUEROS PIZARRO,REP,,,
3,REGIÓN DE ANTOFAGASTA,CAMBIO POR CHILE,6,SILVANA UBILLO ROJAS,REP,,,
3,REGIÓN DE ANTOFAGASTA,UNIDAD POR CHILE ,1,SEBASTIÁN VIDELA,IND,PL,1.0,
3,REGIÓN DE ANTOFAGASTA,UNIDAD POR CHILE ,2,JAIME ARAYA,IND,PPD,1.0,
3,REGIÓN DE ANTOFAGASTA,UNIDAD POR CHILE ,3,PAULINA LIZANA,PC,,,
3,REGIÓN DE ANTOFAGASTA,UNIDAD POR CHILE ,4,MARCELA HERNANDO,PR,,,
3,REGIÓN DE ANTOFAGASTA,UNIDAD POR CHILE ,5,MARGARITA MONTECINO,PDC,,,
3,REGIÓN DE ANTOFAGASTA,UNIDAD POR CHILE ,6,GABRIELA CARRASCO,FA,,,
3,REGIÓN DE ANTOFAGASTA,PARTIDO DE LA GENTE ,1,FABIAN MAURICIO OSSANDÓN BRICEÑO,PDG,,,
3,REGIÓN DE ANTOFAGASTA,PARTIDO DE LA GENTE ,2,PAOLA AMANDA DEBÍA GONZÁLEZ,PDG,,,
3,REGIÓN DE ANTOFAGASTA,PARTIDO DE LA GENTE ,3,SERGIO JORGE MERMIE IBARRONDO,PDG,,,
3,REGIÓN DE ANTOFAGASTA,PARTIDO DE LA GENTE ,4,JESSIE ALEJANDRA GONZÁLEZ BUGUEÑO,PDG,,,
3,REGIÓN DE ANTOFAGASTA,PARTIDO DE LA GENTE ,5,VILMA DE LOURDES ESQUIVEL CÉSPEDES,PDG,,,
3,REGIÓN DE ANTOFAGASTA,PARTIDO DE LA GENTE ,6,LUIS ANDRÉS RAMOS BUSTOS,PDG,,,
3,REGIÓN DE ANTOFAGASTA,PARTIDO DE LA GENTE ,7,PAULA ANDREA OLMOS CONTRERAS,PDG,,,
3,REGIÓN DE ANTOFAGASTA,PARTIDO DE LA GENTE ,8,JESSICA ALEJANDRA LIQUITAY MARTÍNEZ,PDG,,,
3,REGIÓN DE ANTOFAGASTA,PARTIDO DE LA GENTE ,9,ALEX ALEJANDRO FARÍAS PÉREZ,PDG,,,
3,REGIÓN DE ANTOFAGASTA,PARTIDO DE LA GENTE ,10,FRANCISCO JAVIER VARGAS MERY,PDG,,,
3,REGIÓN DE ANTOFAGASTA,PARTIDO DE LA GENTE ,11,HÉCTOR RAÚL VERGARA SEURA,PDG,,,
3,REGIÓN DE ANTOFAGASTA,IZQUIERDA ECOLOGISTA POPULAR ANIMALISTA Y HUMANISTA,1,ADELA MARÍA PIZARRO GONZÁLEZ,IEPAYH,,,
3,REGIÓN DE ANTOFAGASTA,IZQUIERDA ECOLOGISTA POPULAR ANIMALISTA Y HUMANISTA,2,DAN TAREL IBACACHE PANIAGUA,IEPAYH,,,
4,REGIÓN DE ATACAMA,CHILE GRANDE Y UNIDO,1,MAXIMILIANO BARRIONUEVO GARCIA,RN,,,
4,REGIÓN DE ATACAMA,CHILE GRANDE Y UNIDO,2,CARLA GUAITA CARRIZO,IND,RN,,
4,REGIÓN DE ATACAMA,CHILE GRANDE Y UNIDO,3,TANIA BORCOSKY RAMIREZ,IND,UDI,,
4,REGIÓN DE ATACAMA,CHILE GRANDE Y UNIDO,4,KYLE CAMPBELL CAMPBELL,UDI,,,
4,REGIÓN DE ATACAMA,CHILE GRANDE Y UNIDO,5,NAYARET OVIEDO ALVAREZ,EVOPOLI,,,
4,REGIÓN DE ATACAMA,CHILE GRANDE Y UNIDO,6,GUILLERMO COFRE MUÑOZ,EVOPOLI,,,
4,REGIÓN DE ATACAMA,"VERDES, REGIONALISTAS Y HUMANISTAS",1,JAIME MULET MARTINEZ,FREVS,,1.0,
4,REGIÓN DE ATACAMA,"VERDES, REGIONALISTAS Y HUMANISTAS",2,CAROLINA ARMENAKIS DAHER,FREVS,,,
4,REGIÓN DE ATACAMA,"VERDES, REGIONALISTAS Y HUMANISTAS",3,CARLO PEZO CORREA,IND,FREVS,,
4,REGIÓN DE ATACAMA,"VERDES, REGIONALISTAS Y HUMANISTAS",4,JAIME VARGAS GUERRA,FREVS,,,
4,REGIÓN DE ATACAMA,"VERDES, REGIONALISTAS Y HUMANISTAS",5,LUIS VALDERRAMA MALTEZ,IND,FREVS,,
4,REGIÓN DE ATACAMA,"VERDES, REGIONALISTAS Y HUMANISTAS",6,JULIETA VARAS SILVA,IND,FREVS,,
4,REGIÓN DE ATACAMA,CAMBIO POR CHILE,1,IGNACIO URCULLÚ CLEMENT-LUND,REP,,,
4,REGIÓN DE ATACAMA,CAMBIO POR CHILE,2,SUSANA HIPLAN ESTEFFAN,REP,,,
4,REGIÓN DE ATACAMA,CAMBIO POR CHILE,3,KARINA PALLERES GUZMÁN,REP,,,
4,REGIÓN DE ATACAMA,CAMBIO POR CHILE,4,DANIELA ALEJANDRA GALLEGOS PORCILE,PSC,,,
4,REGIÓN DE ATACAMA,CAMBIO POR CHILE,5,LUIS MARCELINO NÚÑEZ BARRIENTOS,PNL,,,
4,REGIÓN DE ATACAMA,CAMBIO POR CHILE,6,MARGARITA FARITH CONTRERAS RÍOS,PNL,,,
4,REGIÓN DE ATACAMA,UNIDAD POR CHILE ,1,CRISTIAN TAPIA,IND,PPD,1.0,
4,REGIÓN DE ATACAMA,UNIDAD POR CHILE ,2,CARLA MATUS,IND,PPD,,
4,REGIÓN DE ATACAMA,UNIDAD POR CHILE ,3,ERICKA PORTILLA,PC,,,
4,REGIÓN DE ATACAMA,UNIDAD POR CHILE ,4,PABLO ZENTENO,PC,,,
4,REGIÓN DE ATACAMA,UNIDAD POR CHILE ,5,ROSA BORDONES,IND,PS,,
4,REGIÓN DE ATACAMA,UNIDAD POR CHILE ,6,JUAN SANTANA,PS,,1.0,
5,REGIÓN DE COQUIMBO,CHILE GRANDE Y UNIDO,1,MARCO ANTONIO SULANTAY OLIVARES,UDI,,1.0,
5,REGIÓN DE COQUIMBO,CHILE GRANDE Y UNIDO,2,JUAN MANUEL FUENZALIDA COBO,UDI,,,
5,REGIÓN DE COQUIMBO,CHILE GRANDE Y UNIDO,3,GIANNINA GONZALEZ MICHEA,RN,,,
5,REGIÓN DE COQUIMBO,CHILE GRANDE Y UNIDO,4,ROBERTO VEGA CAMPUSANO,RN,,,
5,REGIÓN DE COQUIMBO,CHILE GRANDE Y UNIDO,5,ROSETTA PARIS AVALOS,EVOPOLI,,,
5,REGIÓN DE COQUIMBO,CHILE GRANDE Y UNIDO,6,RODRIGO ORREGO GALVEZ,EVOPOLI,,,
5,REGIÓN DE COQUIMBO,CHILE GRANDE Y UNIDO,7,FRANCISCO MARTINEZ RIVERA,DEMOCRATAS,,,
5,REGIÓN DE COQUIMBO,CHILE GRANDE Y UNIDO,8,VICTOR PINO FUENTES,DEMOCRATAS,,1.0,
5,REGIÓN DE COQUIMBO,"VERDES, REGIONALISTAS Y HUMANISTAS",1,DANIELA ANDREA MOLINA BARRERA,AH,,,
5,REGIÓN DE COQUIMBO,"VERDES, REGIONALISTAS Y HUMANISTAS",2,CLAUDIA ADRIANA VALENZUELA TORRES,IND,AH,,
5,REGIÓN DE COQUIMBO,"VERDES, REGIONALISTAS Y HUMANISTAS",3,EDUARDO ANTONIO VARGAS GONZALEZ,IND,AH,,
5,REGIÓN DE COQUIMBO,"VERDES, REGIONALISTAS Y HUMANISTAS",4,MIREYA DE JESUS CORONA CONTRERAS,IND,AH,,
5,REGIÓN DE COQUIMBO,"VERDES, REGIONALISTAS Y HUMANISTAS",5,PABLO ANDRES RAMIREZ INOSTROZA,AH,,,
5,REGIÓN DE COQUIMBO,"VERDES, REGIONALISTAS Y HUMANISTAS",6,CLAUDIO IBAÑEZ GONZALEZ,IND,FREVS,,
5,REGIÓN DE COQUIMBO,"VERDES, REGIONALISTAS Y HUMANISTAS",7,ALEJANDRO CAMPUSANO MASSAD,IND,FREVS,,
5,REGIÓN DE COQUIMBO,"VERDES, REGIONALISTAS Y HUMANISTAS",8,ROSA LUZ PINTO ROJAS,FREVS,,,
5,REGIÓN DE COQUIMBO,CAMBIO POR CHILE,1,TATIANA IVONNE DEL PILAR CASTILLO GONZÁLEZ,PSC,,,
5,REGIÓN DE COQUIMBO,CAMBIO POR CHILE,2,ANDREA ILLIANETH BARRERA ESCOBAR,PSC,,,
5,REGIÓN DE COQUIMBO,CAMBIO POR CHILE,3,MATÍAS NICOLÁS GUZMÁN GALLEGUILLOS,PSC,,,
5,REGIÓN DE COQUIMBO,CAMBIO POR CHILE,4,ERICH GROHS MARÍN,PNL,,,
5,REGIÓN DE COQUIMBO,CAMBIO POR CHILE,5,CONSTANZA ROCÍO PEÑA CONTRERAS,PNL,,,
5,REGIÓN DE COQUIMBO,CAMBIO POR CHILE,6,MARÍA SOLEDAD ROBLES ESPINOSA,PNL,,,
5,REGIÓN DE COQUIMBO,CAMBIO POR CHILE,7,VERÓNICA PIZARRO GARCÍA,REP,,,
5,REGIÓN DE COQUIMBO,CAMBIO POR CHILE,8,PAMELA RISHMAGUE BUZZO,REP,,,
5,REGIÓN DE COQUIMBO,UNIDAD POR CHILE ,1,CAROLINA TELLO ROJAS,FA,,1.0,
5,REGIÓN DE COQUIMBO,UNIDAD POR CHILE ,2,DANIEL MANHOUCHEHRI,PS,,1.0,
5,REGIÓN DE COQUIMBO,UNIDAD POR CHILE ,3,NATHALIE CASTILLO ROJAS,PC,,1.0,
5,REGIÓN DE COQUIMBO,UNIDAD POR CHILE ,4,BERNARDO SALINAS MAYA,IND,PC,,
5,REGIÓN DE COQUIMBO,UNIDAD POR CHILE ,5,JORGE INSUNZA GREGORIO DE LAS HERAS,PPD,,,
5,REGIÓN DE COQUIMBO,UNIDAD POR CHILE ,6,RAFAEL VERA CASTILLO,IND,PR,,
5,REGIÓN DE COQUIMBO,UNIDAD POR CHILE ,7,RICARDO CIFUENTES LILLO,PDC,,1.0,
5,REGIÓN DE COQUIMBO,PARTIDO DE LA GENTE ,1,EILEEN PATRICIA URQUETA ROJAS,PDG,,,
5,REGIÓN DE COQUIMBO,PARTIDO DE LA GENTE ,2,JUAN CARLOS THENOUX CIUDAD,PDG,,,
5,REGIÓN DE COQUIMBO,PARTIDO DE LA GENTE ,3,MARICEL ANDREA TAPIA SALGUEIROJ,PDG,,,
5,REGIÓN DE COQUIMBO,PARTIDO DE LA GENTE ,4,FRANCISCO JAVIER NÚÑEZ RENCORET,PDG,,,
5,REGIÓN DE COQUIMBO,PARTIDO DE LA GENTE ,5,FERNANDA CRISTINA NÚÑEZ ARAOS,PDG,,,
5,REGIÓN DE COQUIMBO,PARTIDO DE LA GENTE ,6,JUAN SALVADOR DABED TOZO,PDG,,,
5,REGIÓN DE COQUIMBO,PARTIDO DE LA GENTE ,7,JORGE FRANKLIN DUNSTAN PAVÉZ,PDG,,,
5,REGIÓN DE COQUIMBO,PARTIDO DE LA GENTE ,8,FELIPE ESTEBAN ALFRED TORRES,PDG,,,
5,REGIÓN DE COQUIMBO,AMARILLOS,1,EDUARDO RUIZ BENÍTEZ,AMARILLOS,,,
5,REGIÓN DE COQUIMBO,AMARILLOS,2,SOLANGE FREDES ROSALES,AMARILLOS,,,
5,REGIÓN DE COQUIMBO,AMARILLOS,3,ALONSO VELASCO LADRÓN DE GUEVARA,AMARILLOS,,,
5,REGIÓN DE COQUIMBO,AMARILLOS,4,NEFTALÌ ZAMBRA VILLALOBOS,AMARILLOS,,,
5,REGIÓN DE COQUIMBO,AMARILLOS,5,ALEJANDRO YÁÑEZ PIZARRO,AMARILLOS,,,
5,REGIÓN DE COQUIMBO,AMARILLOS,6,NICOLE PLAZA GONZÁLEZ,AMARILLOS,,,
5,REGIÓN DE COQUIMBO,AMARILLOS,1,FELIPE YAVAR AGUILERA,AMARILLOS,,,
5,REGIÓN DE COQUIMBO,IZQUIERDA ECOLOGISTA POPULAR ANIMALISTA Y HUMANISTA,1,ANA MARÍA ITURRALDE PEÑA,IEPAYH,,,
5,REGIÓN DE COQUIMBO,IZQUIERDA ECOLOGISTA POPULAR ANIMALISTA Y HUMANISTA,2,ARTURO ERNESTO ELLIS CATALDO,IEPAYH,,,
5,REGIÓN DE COQUIMBO,IZQUIERDA ECOLOGISTA POPULAR ANIMALISTA Y HUMANISTA,3,CATERINA TERESA SIMONCELLI FRACCHIA,IEPAYH,,,
5,REGIÓN DE COQUIMBO,IZQUIERDA ECOLOGISTA POPULAR ANIMALISTA Y HUMANISTA,4,CRISTOPHER ENRIQUE SUAZO BENAVIDES,IEPAYH,,,
5,REGIÓN DE COQUIMBO,IZQUIERDA ECOLOGISTA POPULAR ANIMALISTA Y HUMANISTA,5,FRANCISCA PEMJEAN LETELIER,IEPAYH,,,
5,REGIÓN DE COQUIMBO,IZQUIERDA ECOLOGISTA POPULAR ANIMALISTA Y HUMANISTA,6,MARÍA MERCEDES GALLEGUILLOS TORRES,IEPAYH,,,
5,REGIÓN DE COQUIMBO,IZQUIERDA ECOLOGISTA POPULAR ANIMALISTA Y HUMANISTA,7,RAFAEL LUIS MUÑOZ URRUTIA,IEPAYH,,,
5,REGIÓN DE COQUIMBO,IZQUIERDA ECOLOGISTA POPULAR ANIMALISTA Y HUMANISTA,8,RODRIGO ANDRÉS ANDRADE RAMÍREZ,IEPAYH,,,
6,REGIÓN DE VALPARAÍSO,CHILE GRANDE Y UNIDO,1,LUIS PARDO SAINZ,RN,,,
6,REGIÓN DE VALPARAÍSO,CHILE GRANDE Y UNIDO,2,PERCY MARIN VERA,RN,,,
6,REGIÓN DE VALPARAÍSO,CHILE GRANDE Y UNIDO,3,AMAL SALEM SOLIS,IND,RN,,
6,REGIÓN DE VALPARAÍSO,CHILE GRANDE Y UNIDO,4,DANILO QUIROZ CROVETTO,IND,EVOPOLI,,
6,REGIÓN DE VALPARAÍSO,CHILE GRANDE Y UNIDO,5,CAROLINA JULIO LATORRE,IND,EVOPOLI,,
6,REGIÓN DE VALPARAÍSO,CHILE GRANDE Y UNIDO,6,JORDAN GUAJARDO VICENCIO,IND,EVOPOLI,,
6,REGIÓN DE VALPARAÍSO,CHILE GRANDE Y UNIDO,7,JAVIER CRASEMANN ALFONSO,IND,UDI,,
6,REGIÓN DE VALPARAÍSO,CHILE GRANDE Y UNIDO,8,CATALINA OTERO PEREZ,IND,UDI,,
6,REGIÓN DE VALPARAÍSO,CHILE GRANDE Y UNIDO,9,VIVIANA NUÑEZ CARRASCO,UDI,,,
6,REGIÓN DE VALPARAÍSO,"VERDES, REGIONALISTAS Y HUMANISTAS",2,CLAUDIA JOFRE VIDAL,IND,FREVS,,
6,REGIÓN DE VALPARAÍSO,"VERDES, REGIONALISTAS Y HUMANISTAS",3,ROBERTO VIDELA PAVEZ,FREVS,,,
6,REGIÓN DE VALPARAÍSO,"VERDES, REGIONALISTAS Y HUMANISTAS",4,CLAUDIA CANALES LEMUS,IND,FREVS,,
6,REGIÓN DE VALPARAÍSO,"VERDES, REGIONALISTAS Y HUMANISTAS",5,JAVIERA ITALIA TOLEDO MUÑOZ,IND,AH,,
6,REGIÓN DE VALPARAÍSO,"VERDES, REGIONALISTAS Y HUMANISTAS",6,YANIXSA MARIA AGUILERA CATALAN,IND,AH,,
6,REGIÓN DE VALPARAÍSO,"VERDES, REGIONALISTAS Y HUMANISTAS",7,PAMELA ANDREA GONZALEZ MUÑOZ,IND,AH,,
6,REGIÓN DE VALPARAÍSO,"VERDES, REGIONALISTAS Y HUMANISTAS",8,FRANCISCA VALENTINA SALAMA PIMENTEL,IND,AH,,
6,REGIÓN DE VALPARAÍSO,"VERDES, REGIONALISTAS Y HUMANISTAS",9,LUIS NESTOR PATRICIO HURTADO MUÑOZ,IND,AH,,
6,REGIÓN DE VALPARAÍSO,CAMBIO POR CHILE,1,CHIARA BARCHIESI CHÁVEZ,REP,,1.0,
6,REGIÓN DE VALPARAÍSO,CAMBIO POR CHILE,2,BENJAMÍN LORCA INZUNZA,REP,,,
6,REGIÓN DE VALPARAÍSO,CAMBIO POR CHILE,3,MANUEL MILLONES CHIRINO,IND,,,
6,REGIÓN DE VALPARAÍSO,CAMBIO POR CHILE,4,MARLENE LAURA GONZÁLEZ AHUMADA,PSC,,,
6,REGIÓN DE VALPARAÍSO,CAMBIO POR CHILE,5,RODOLFO ALFREDO PONCE VARGAS,IND,,,
6,REGIÓN DE VALPARAÍSO,CAMBIO POR CHILE,6,JOSÉ MIGUEL VALLEJO KNOCKAERT,PNL,,,
6,REGIÓN DE VALPARAÍSO,CAMBIO POR CHILE,7,MARÍA SOLEDAD CALVO HERRERA,PNL,,,
6,REGIÓN DE VALPARAÍSO,CAMBIO POR CHILE,8,VERÓNICA IVONNE BECERRA VERGARA,PNL,,,
6,REGIÓN DE VALPARAÍSO,CAMBIO POR CHILE,9,JORGE EDUARDO VILLARROEL PÉREZ,PNL,,,
6,REGIÓN DE VALPARAÍSO,UNIDAD POR CHILE ,1,JUAN IGNACIO LATORRE,FA,,,1.0
6,REGIÓN DE VALPARAÍSO,UNIDAD POR CHILE ,2,FRANCISCA BELLO,FA,,1.0,
6,REGIÓN DE VALPARAÍSO,UNIDAD POR CHILE ,3,NELSON VENEGAS,PS,,1.0,
6,REGIÓN DE VALPARAÍSO,UNIDAD POR CHILE ,4,MAURICIO VIÑAMBRES,IND,PR,,
6,REGIÓN DE VALPARAÍSO,UNIDAD POR CHILE ,5,LUIS FONCEA,IND,PPD,,
6,REGIÓN DE VALPARAÍSO,UNIDAD POR CHILE ,6,SABAS CHAHUÁN,IND,PL,,
6,REGIÓN DE VALPARAÍSO,UNIDAD POR CHILE ,7,SOFÍA GONZÁLEZ,PC,,,
6,REGIÓN DE VALPARAÍSO,UNIDAD POR CHILE ,8,CRISTIAN MELLA,PDC,,,
6,REGIÓN DE VALPARAÍSO,UNIDAD POR CHILE ,9,GASPAR RIVAS,PDC,PDC,1.0,
6,REGIÓN DE VALPARAÍSO,PARTIDO DE LA GENTE ,1,JAVIER IGNACIO OLIVARES AVENDAÑO,PDG,,,
6,REGIÓN DE VALPARAÍSO,PARTIDO DE LA GENTE ,2,MAYKOL ANTONIO CASTILLO FERNÁNDEZ,PDG,,,
6,REGIÓN DE VALPARAÍSO,PARTIDO DE LA GENTE ,3,JORGE BARUR CRISTI RAMÍREZ,PDG,,,
6,REGIÓN DE VALPARAÍSO,PARTIDO DE LA GENTE ,4,GONZALO MARCELO SOTO PIZARRO,PDG,,,
6,REGIÓN DE VALPARAÍSO,PARTIDO DE LA GENTE ,6,BONNIE JHOAN SILVA VILLARROEL,PDG,,,
6,REGIÓN DE VALPARAÍSO,PARTIDO DE LA GENTE ,7,BLANCA ESTHER CURRIECO SOTO,PDG,,,
6,REGIÓN DE VALPARAÍSO,PARTIDO DE LA GENTE ,8,MARCIA XIMENA MARCHANT FARÍAS,PDG,,,
6,REGIÓN DE VALPARAÍSO,PARTIDO DE LA GENTE ,9,RUBY ANGELICA VILLALOBOS ARACENA,PDG,,,
7,REGIÓN DE VALPARAÍSO,CHILE GRANDE Y UNIDO,1,ANDRES CELIS MONTT,RN,,1.0,
7,REGIÓN DE VALPARAÍSO,CHILE GRANDE Y UNIDO,2,SAMIRA CHAHUAN AKLE,RN,,,
7,REGIÓN DE VALPARAÍSO,CHILE GRANDE Y UNIDO,3,LEOPOLDO MORENO CONTARDO,IND,RN,,
7,REGIÓN DE VALPARAÍSO,CHILE GRANDE Y UNIDO,4,CARLOS MONDACA MATZNER,IND,EVOPOLI,,
7,REGIÓN DE VALPARAÍSO,CHILE GRANDE Y UNIDO,5,JORGE GARCES ROJAS,IND,EVOPOLI,,
7,REGIÓN DE VALPARAÍSO,CHILE GRANDE Y UNIDO,6,MARLEN OLIVARI MAYER,IND,EVOPOLI,,
7,REGIÓN DE VALPARAÍSO,CHILE GRANDE Y UNIDO,7,JORGE CASTRO MUÑOZ,UDI,,,
7,REGIÓN DE VALPARAÍSO,CHILE GRANDE Y UNIDO,8,MACARENA URENDA SALAMANCA,UDI,,,
7,REGIÓN DE VALPARAÍSO,CHILE GRANDE Y UNIDO,9,HOTUITI TEAO DRAGO,IND,UDI,1.0,
7,REGIÓN DE VALPARAÍSO,"VERDES, REGIONALISTAS Y HUMANISTAS",1,JORGE SHARP FAJARDO,IND,FREVS,,
7,REGIÓN DE VALPARAÍSO,"VERDES, REGIONALISTAS Y HUMANISTAS",2,RENE LUES ESCOBAR,IND,FREVS,,
7,REGIÓN DE VALPARAÍSO,"VERDES, REGIONALISTAS Y HUMANISTAS",3,PRISCILA FLEMING ARANGUIZ,FREVS,,,
7,REGIÓN DE VALPARAÍSO,"VERDES, REGIONALISTAS Y HUMANISTAS",4,ANGELA CABEZON CONTRERAS,FREVS,,,
7,REGIÓN DE VALPARAÍSO,"VERDES, REGIONALISTAS Y HUMANISTAS",5,RODRIGO RUIZ ENCINA,IND,FREVS,,
7,REGIÓN DE VALPARAÍSO,"VERDES, REGIONALISTAS Y HUMANISTAS",6,TANIA ISABEL MADRIAGA FLORES,AH,,,
7,REGIÓN DE VALPARAÍSO,"VERDES, REGIONALISTAS Y HUMANISTAS",7,CARLOS MATIAS MUÑOZ LECERF,IND,AH,,
7,REGIÓN DE VALPARAÍSO,"VERDES, REGIONALISTAS Y HUMANISTAS",8,LUCIA ALEJANDRA ORTIZ LEON,IND,AH,,
7,REGIÓN DE VALPARAÍSO,"VERDES, REGIONALISTAS Y HUMANISTAS",9,CLAUDIO ENRIQUE VALLE FIGUEROA,IND,AH,,
7,REGIÓN DE VALPARAÍSO,CAMBIO POR CHILE,1,LUIS FERNANDO SÁNCHEZ OSSA,REP,,1.0,
7,REGIÓN DE VALPARAÍSO,CAMBIO POR CHILE,2,RAFAEL GONZÁLEZ CAMUS,REP,,,
7,REGIÓN DE VALPARAÍSO,CAMBIO POR CHILE,3,ÁNGELA CARRASCO JOFRÉ,REP,,,
7,REGIÓN DE VALPARAÍSO,CAMBIO POR CHILE,4,SEBASTIÁN ZAMORA SOTO,IND,,,
7,REGIÓN DE VALPARAÍSO,CAMBIO POR CHILE,5,JAIME ANDRÉS MORALES OTAROLA,IND,,,
7,REGIÓN DE VALPARAÍSO,CAMBIO POR CHILE,6,PEDRO RODOLFO SCHWEDELBACH PUGA,PNL,,,
7,REGIÓN DE VALPARAÍSO,CAMBIO POR CHILE,7,ALEJANDRA VICTORIA CARRASCO PÉREZ,PNL,,,
7,REGIÓN DE VALPARAÍSO,CAMBIO POR CHILE,8,BÁRBARA ANDREA VERA SEPÚLVEDA,PSC,,,
7,REGIÓN DE VALPARAÍSO,CAMBIO POR CHILE,9,JUAN ALBERTO SEPÚLVEDA QUEZADA,PSC,,,
7,REGIÓN DE VALPARAÍSO,UNIDAD POR CHILE ,1,TOMÁS LAGOMARSINO,PR,,1.0,
7,REGIÓN DE VALPARAÍSO,UNIDAD POR CHILE ,2,JORGE BRITO,FA,,1.0,
7,REGIÓN DE VALPARAÍSO,UNIDAD POR CHILE ,3,JAIME BASSA,FA,,,
7,REGIÓN DE VALPARAÍSO,UNIDAD POR CHILE ,4,LUIS CUELLO,PC,,1.0,
7,REGIÓN DE VALPARAÍSO,UNIDAD POR CHILE ,5,ROY CRICHTON,PDC,,,
7,REGIÓN DE VALPARAÍSO,UNIDAD POR CHILE ,6,FELIPE RÍOS,PL,,,
7,REGIÓN DE VALPARAÍSO,UNIDAD POR CHILE ,7,MANUEL MURILLO,IND,PPD,,
7,REGIÓN DE VALPARAÍSO,UNIDAD POR CHILE ,8,TOMÁS DE REMENTERÍA,PS,,,1.0
7,REGIÓN DE VALPARAÍSO,UNIDAD POR CHILE ,9,ARTURO BARRIOS,PS,,1.0,
7,REGIÓN DE VALPARAÍSO,PARTIDO DE LA GENTE ,1,JUAN MARCELO VALENZUELA HENRIQUEZ,PDG,,,
7,REGIÓN DE VALPARAÍSO,PARTIDO DE LA GENTE ,2,NICOLAS EDUARDO FARFÁN VEGA,PDG,,,
7,REGIÓN DE VALPARAÍSO,PARTIDO DE LA GENTE ,3,VANESSA FERRER RADOVICH,PDG,,,
7,REGIÓN DE VALPARAÍSO,PARTIDO DE LA GENTE ,4,GUILLERMO ESCOBAR ARRIAGADA,PDG,,,
7,REGIÓN DE VALPARAÍSO,PARTIDO DE LA GENTE ,5,VERÓNICA DEL CARMEN ROJAS ARENAS,PDG,,,
7,REGIÓN DE VALPARAÍSO,PARTIDO DE LA GENTE ,6,FLAVIO DAVID ESPINOZA MELLADO,PDG,,,
7,REGIÓN DE VALPARAÍSO,PARTIDO DE LA GENTE ,7,CAROLL SALOMÉ MEYER MEYER,PDG,,,
7,REGIÓN DE VALPARAÍSO,PARTIDO DE LA GENTE ,8,NATALIA VANESSA NAVARRO ALDAY,PDG,,,
8,REGIÓN METROPOLITANA DE SANTIAGO,CHILE GRANDE Y UNIDO,1,JORGE GALDAMES HOROSTICA,DEMOCRATAS,,,
8,REGIÓN METROPOLITANA DE SANTIAGO,CHILE GRANDE Y UNIDO,2,GONZALO EGAS POURAILLY,DEMOCRATAS,,,
8,REGIÓN METROPOLITANA DE SANTIAGO,CHILE GRANDE Y UNIDO,3,ELIZABETH CARRASCO URRUTIA,DEMOCRATAS,,,
8,REGIÓN METROPOLITANA DE SANTIAGO,CHILE GRANDE Y UNIDO,4,ROSA OYARCE SUAZO,RN,,,
8,REGIÓN METROPOLITANA DE SANTIAGO,CHILE GRANDE Y UNIDO,5,CESAR VEGA LAZO,RN,,,
8,REGIÓN METROPOLITANA DE SANTIAGO,CHILE GRANDE Y UNIDO,6,NATALY FRANCISCA ORTUZAR MENDEZ,RN,,,
8,REGIÓN METROPOLITANA DE SANTIAGO,CHILE GRANDE Y UNIDO,7,SEBASTIAN KEITEL RONDON,IND,UDI,,
8,REGIÓN METROPOLITANA DE SANTIAGO,CHILE GRANDE Y UNIDO,8,BEATRIZ LAGOS CAMPOS,UDI,,,
8,REGIÓN METROPOLITANA DE SANTIAGO,CHILE GRANDE Y UNIDO,9,MARIO OLAVARRIA RODRIGUEZ,UDI,,,
8,REGIÓN METROPOLITANA DE SANTIAGO,"VERDES, REGIONALISTAS Y HUMANISTAS",1,CESAR CAMILO LEIVA RUBIO,IND,AH,,
8,REGIÓN METROPOLITANA DE SANTIAGO,"VERDES, REGIONALISTAS Y HUMANISTAS",2,CARLOS JAVIER ASTUDILLO ULLOA,IND,AH,,
8,REGIÓN METROPOLITANA DE SANTIAGO,"VERDES, REGIONALISTAS Y HUMANISTAS",3,JAVIER ALEJANDRO IBARRA REYES,AH,,,
8,REGIÓN METROPOLITANA DE SANTIAGO,"VERDES, REGIONALISTAS Y HUMANISTAS",4,VALESKA MARIELLA LEMUS GUERRA,IND,AH,,
8,REGIÓN METROPOLITANA DE SANTIAGO,"VERDES, REGIONALISTAS Y HUMANISTAS",5,GUILLERMO FLORES CONTRERAS,FREVS,,,
8,REGIÓN METROPOLITANA DE SANTIAGO,"VERDES, REGIONALISTAS Y HUMANISTAS",6,CHRISTIAN VITTORI MUÑOZ,FREVS,,,
8,REGIÓN METROPOLITANA DE SANTIAGO,"VERDES, REGIONALISTAS Y HUMANISTAS",7,DAVID QUEZADA GOMEZ,FREVS,,,
8,REGIÓN METROPOLITANA DE SANTIAGO,"VERDES, REGIONALISTAS Y HUMANISTAS",8,ERICA VELASQUEZ MONTENEGRO,IND,FREVS,,
8,REGIÓN METROPOLITANA DE SANTIAGO,"VERDES, REGIONALISTAS Y HUMANISTAS",9,JAIME CAYUQUEO ZAMBRANO,IND,FREVS,,
8,REGIÓN METROPOLITANA DE SANTIAGO,CAMBIO POR CHILE,1,AGUSTÍN ROMERO LEIVA,REP,,1.0,
8,REGIÓN METROPOLITANA DE SANTIAGO,CAMBIO POR CHILE,2,ENRIQUE BASSALETTI RIESS,IND,,,
8,REGIÓN METROPOLITANA DE SANTIAGO,CAMBIO POR CHILE,3,CATHERINE CEBULJ NAVARRETE,REP,,,
8,REGIÓN METROPOLITANA DE SANTIAGO,CAMBIO POR CHILE,4,NEHEL ENRIQUE MUÑOZ LAGOS,PSC,,,
8,REGIÓN METROPOLITANA DE SANTIAGO,CAMBIO POR CHILE,5,FELIPE ANDRÉS CORVALAN DESTEFANI,PSC,,,
8,REGIÓN METROPOLITANA DE SANTIAGO,CAMBIO POR CHILE,6,ITALO ANDRE OMEGNA VERGARA,PNL,,,
8,REGIÓN METROPOLITANA DE SANTIAGO,CAMBIO POR CHILE,7,ANITA DOLORES PATRICIA ESCOBAR GATTAS,IND,,,
8,REGIÓN METROPOLITANA DE SANTIAGO,CAMBIO POR CHILE,8,JUAN CARLOS GÓMEZ ESCOBAR,PNL,,,
8,REGIÓN METROPOLITANA DE SANTIAGO,CAMBIO POR CHILE,9,PIER GIUSEPPE KARLEZI HAZLEBY,PNL,,,
8,REGIÓN METROPOLITANA DE SANTIAGO,UNIDAD POR CHILE ,1,RUBÉN OYARZO,PR,,1.0,
8,REGIÓN METROPOLITANA DE SANTIAGO,UNIDAD POR CHILE ,2,VIVIANA DELGADO,PL,,1.0,
8,REGIÓN METROPOLITANA DE SANTIAGO,UNIDAD POR CHILE ,3,CRISTOPHER VALDIVIA OLATE,PL,,,
8,REGIÓN METROPOLITANA DE SANTIAGO,UNIDAD POR CHILE ,4,GUSTAVO GATICA,IND,PC,,
8,REGIÓN METROPOLITANA DE SANTIAGO,UNIDAD POR CHILE ,5,MARCOS BARRAZA,PC,,,
8,REGIÓN METROPOLITANA DE SANTIAGO,UNIDAD POR CHILE ,6,CLAUDIA ATENAS,PDC,,,
8,REGIÓN METROPOLITANA DE SANTIAGO,UNIDAD POR CHILE ,7,JUAN CARLOS VALDIVIA,IND,PDC,,
8,REGIÓN METROPOLITANA DE SANTIAGO,UNIDAD POR CHILE ,8,TATIANA URRUTIA,FA,,,
8,REGIÓN METROPOLITANA DE SANTIAGO,UNIDAD POR CHILE ,9,CLAUDIA MIX,FA,,1.0,
8,REGIÓN METROPOLITANA DE SANTIAGO,PARTIDO DE LA GENTE ,1,CRISTIAN ALEJANDRO CONTRERAS RADOVIC,PDG,,,
8,REGIÓN METROPOLITANA DE SANTIAGO,PARTIDO DE LA GENTE ,2,ANDRÉ AMARIO ALARCON BERRIOS,PDG,,,
8,REGIÓN METROPOLITANA DE SANTIAGO,PARTIDO DE LA GENTE ,3,LEYLA MASSIEL JARA LÓPEZ,PDG,,,
8,REGIÓN METROPOLITANA DE SANTIAGO,PARTIDO DE LA GENTE ,4,RICHARD EDUARDO MATTA PARRA,PDG,,,
8,REGIÓN METROPOLITANA DE SANTIAGO,PARTIDO DE LA GENTE ,5,LUCY DEL CARMEN MUÑOZ MARTICORENA,PDG,,,
8,REGIÓN METROPOLITANA DE SANTIAGO,PARTIDO DE LA GENTE ,6,SANDRA LUZ VERGARA CASTRO,PDG,,,
8,REGIÓN METROPOLITANA DE SANTIAGO,PARTIDO DE LA GENTE ,7,FELIX ENRIQUE MOLINA RIQUELME,PDG,,,
8,REGIÓN METROPOLITANA DE SANTIAGO,PARTIDO DE LA GENTE ,8,JACQUELINE PATRICIA ALARCON BORQUEZ,PDG,,,
8,REGIÓN METROPOLITANA DE SANTIAGO,PARTIDO DE LA GENTE ,9,ANDRÉS GUILLERMO HENRIQUEZ RIQUELME,PDG,,,
8,REGIÓN METROPOLITANA DE SANTIAGO,PARTIDO DE LA GENTE ,1,TAMARA ALEJANDRA RAMÍREZ RAMÍREZ,PDG,,,
8,REGIÓN METROPOLITANA DE SANTIAGO,IZQUIERDA ECOLOGISTA POPULAR ANIMALISTA Y HUMANISTA,1,AMAURI ALEN QUILALEO VALENCIA,IEPAYH,,,
8,REGIÓN METROPOLITANA DE SANTIAGO,IZQUIERDA ECOLOGISTA POPULAR ANIMALISTA Y HUMANISTA,2,ELISA ANDREA ROJAS HERRERA,IEPAYH,,,
8,REGIÓN METROPOLITANA DE SANTIAGO,IZQUIERDA ECOLOGISTA POPULAR ANIMALISTA Y HUMANISTA,3,MARÍA TERESA ÁLVAREZ AGUILAR,IEPAYH,,,
8,REGIÓN METROPOLITANA DE SANTIAGO,IZQUIERDA ECOLOGISTA POPULAR ANIMALISTA Y HUMANISTA,4,MÁXIMO FABIÁN QUITRAL ROJAS,IEPAYH,,,
8,REGIÓN METROPOLITANA DE SANTIAGO,IZQUIERDA ECOLOGISTA POPULAR ANIMALISTA Y HUMANISTA,5,OSVALDO JAVIER NAVARRO JAMETT,IEPAYH,,,
8,REGIÓN METROPOLITANA DE SANTIAGO,IZQUIERDA ECOLOGISTA POPULAR ANIMALISTA Y HUMANISTA,6,PABLO ANDRÉS MORALES MONTOYA,IEPAYH,,,
8,REGIÓN METROPOLITANA DE SANTIAGO,IZQUIERDA ECOLOGISTA POPULAR ANIMALISTA Y HUMANISTA,7,RICHARD TAPIA FUENTES,IEPAYH,,,
8,REGIÓN METROPOLITANA DE SANTIAGO,IZQUIERDA ECOLOGISTA POPULAR ANIMALISTA Y HUMANISTA,8,ROSSANA DEL PILAR TARSETTI GUAJARDO,IEPAYH,,,
8,REGIÓN METROPOLITANA DE SANTIAGO,IZQUIERDA ECOLOGISTA POPULAR ANIMALISTA Y HUMANISTA,9,YESSENIA LIA CRISOSTOMO VALENZUELA,IEPAYH,,,
9,REGIÓN METROPOLITANA DE SANTIAGO,CHILE GRANDE Y UNIDO,1,GUILLERMO RAMIREZ DIEZ,UDI,,1.0,
9,REGIÓN METROPOLITANA DE SANTIAGO,CHILE GRANDE Y UNIDO,2,JOSE MIGUEL GONZALEZ ZAPATA,UDI,,,
9,REGIÓN METROPOLITANA DE SANTIAGO,CHILE GRANDE Y UNIDO,3,ERIKA OLIVERA DE LA FUENTE,DEMOCRATAS,,1.0,
9,REGIÓN METROPOLITANA DE SANTIAGO,CHILE GRANDE Y UNIDO,4,VERONICA MONTECINOS ORTIZ,DEMOCRATAS,,,
9,REGIÓN METROPOLITANA DE SANTIAGO,CHILE GRANDE Y UNIDO,5,ALDO DUQUE SANTOS,IND,RN,,
9,REGIÓN METROPOLITANA DE SANTIAGO,CHILE GRANDE Y UNIDO,6,MARIA ELENA BARCO SANCHEZ,RN,,,
9,REGIÓN METROPOLITANA DE SANTIAGO,CHILE GRANDE Y UNIDO,7,FELIPE VIDAL CUEVAS,IND,EVOPOLI,,
9,REGIÓN METROPOLITANA DE SANTIAGO,CHILE GRANDE Y UNIDO,8,JUAN MANUEL SANTA CRUZ CAMPAÑA,EVOPOLI,,,
9,REGIÓN METROPOLITANA DE SANTIAGO,"VERDES, REGIONALISTAS Y HUMANISTAS",1,ALEJANDRA PIA PEREZ ESPINA,AH,,,
9,REGIÓN METROPOLITANA DE SANTIAGO,"VERDES, REGIONALISTAS Y HUMANISTAS",2,ARIEL JESUS MATELUNA MATELUNA,IND,AH,,
9,REGIÓN METROPOLITANA DE SANTIAGO,"VERDES, REGIONALISTAS Y HUMANISTAS",3,WALESKA ANDREA UBIERNA NAVARRO,AH,,,
9,REGIÓN METROPOLITANA DE SANTIAGO,"VERDES, REGIONALISTAS Y HUMANISTAS",4,JOSE LUIS VILLAGRAN BARAHONA,IND,AH,,
9,REGIÓN METROPOLITANA DE SANTIAGO,"VERDES, REGIONALISTAS Y HUMANISTAS",5,PAOLA CADIZ NUÑEZ,FREVS,,,
9,REGIÓN METROPOLITANA DE SANTIAGO,"VERDES, REGIONALISTAS Y HUMANISTAS",6,EVELYN FARIAS AILIO,IND,FREVS,,
9,REGIÓN METROPOLITANA DE SANTIAGO,"VERDES, REGIONALISTAS Y HUMANISTAS",7,JOSE SEPULVEDA ZELADA,IND,FREVS,,
9,REGIÓN METROPOLITANA DE SANTIAGO,"VERDES, REGIONALISTAS Y HUMANISTAS",8,FRANCISCO BERIGUETE MATEO,FREVS,,,
9,REGIÓN METROPOLITANA DE SANTIAGO,CAMBIO POR CHILE,1,JOSÉ CARLOS MEZA PEREIRA,REP,,1.0,
9,REGIÓN METROPOLITANA DE SANTIAGO,CAMBIO POR CHILE,2,MACARENA GARCÍA-HUIDOBRO LLORT,REP,,,
9,REGIÓN METROPOLITANA DE SANTIAGO,CAMBIO POR CHILE,3,JAVIERA RODRÍGUEZ PASCUAL,REP,,,
9,REGIÓN METROPOLITANA DE SANTIAGO,CAMBIO POR CHILE,4,MAXIMILIANO EDUARDO MURATH MANSILLA,PNL,,,
9,REGIÓN METROPOLITANA DE SANTIAGO,CAMBIO POR CHILE,5,MARGARITA GARRIDO ACEVEDO,PNL,,,
9,REGIÓN METROPOLITANA DE SANTIAGO,CAMBIO POR CHILE,6,VALESKA DE LAS NIEVES OYARCE PEÑA,PSC,,,
9,REGIÓN METROPOLITANA DE SANTIAGO,CAMBIO POR CHILE,7,ALBERTO ANDRÉS SEGUEL MENA,PSC,,,
9,REGIÓN METROPOLITANA DE SANTIAGO,CAMBIO POR CHILE,8,CAROLINA ÁNGELA GARATE VERGARA,PSC,,,
9,REGIÓN METROPOLITANA DE SANTIAGO,UNIDAD POR CHILE ,1,ANDRÉS GIORDANO,FA,,1.0,
9,REGIÓN METROPOLITANA DE SANTIAGO,UNIDAD POR CHILE ,2,LEONARDO JOFRÉ,FA,,,
9,REGIÓN METROPOLITANA DE SANTIAGO,UNIDAD POR CHILE ,3,OSCAR DANIEL JADUE,PC,,,
9,REGIÓN METROPOLITANA DE SANTIAGO,UNIDAD POR CHILE ,4,BORIS BARRERA,PC,,1.0,
9,REGIÓN METROPOLITANA DE SANTIAGO,UNIDAD POR CHILE ,5,CAROLINA RIVERO,PS,,,
9,REGIÓN METROPOLITANA DE SANTIAGO,UNIDAD POR CHILE ,6,CÉSAR VALENZUELA,PS,,,
9,REGIÓN METROPOLITANA DE SANTIAGO,UNIDAD POR CHILE ,7,SANDRA GONZÁLEZ,IND,PPD,,
9,REGIÓN METROPOLITANA DE SANTIAGO,UNIDAD POR CHILE ,8,CARLOS CUADRADO,PPD,,,
9,REGIÓN METROPOLITANA DE SANTIAGO,PARTIDO DE LA GENTE ,2,ANDRÉS RIGOBERTO CÁCERES BRAVO,PDG,,,
9,REGIÓN METROPOLITANA DE SANTIAGO,PARTIDO DE LA GENTE ,3,PAMELA DEL TRANSITO AMARO ARAYA,PDG,,,
9,REGIÓN METROPOLITANA DE SANTIAGO,PARTIDO DE LA GENTE ,4,FRANCISCO JAVIER LIZANA DONOSO,PDG,,,
9,REGIÓN METROPOLITANA DE SANTIAGO,PARTIDO DE LA GENTE ,5,CÉSAR ABRAHAM SUAY JERÉZ,PDG,,,
9,REGIÓN METROPOLITANA DE SANTIAGO,PARTIDO DE LA GENTE ,6,MARIA SOLEDAD LIMPAN APALEO,PDG,,,
9,REGIÓN METROPOLITANA DE SANTIAGO,PARTIDO DE LA GENTE ,7,CRESCENCIO ALBERTO LÓPEZ LÓPEZ,PDG,,,
9,REGIÓN METROPOLITANA DE SANTIAGO,PARTIDO DE LA GENTE ,8,CHRISTOPHER ELÍAS YÁÑEZ LEAL,PDG,,,
9,REGIÓN METROPOLITANA DE SANTIAGO,IZQUIERDA ECOLOGISTA POPULAR ANIMALISTA Y HUMANISTA,1,ADRIÁN ANTONIO LIZAMA BARRA,IEPAYH,,,
9,REGIÓN METROPOLITANA DE SANTIAGO,IZQUIERDA ECOLOGISTA POPULAR ANIMALISTA Y HUMANISTA,2,AMELIA DEL CARMEN GALLEGOS RAMÍREZ,IEPAYH,,,
9,REGIÓN METROPOLITANA DE SANTIAGO,IZQUIERDA ECOLOGISTA POPULAR ANIMALISTA Y HUMANISTA,3,ESTER ALEJANDRA BARRIENTOS VARGAS,IEPAYH,,,
9,REGIÓN METROPOLITANA DE SANTIAGO,IZQUIERDA ECOLOGISTA POPULAR ANIMALISTA Y HUMANISTA,4,JUAN ANDRÉS PINO MARDONES,IEPAYH,,,
9,REGIÓN METROPOLITANA DE SANTIAGO,IZQUIERDA ECOLOGISTA POPULAR ANIMALISTA Y HUMANISTA,5,LUIS ALBERTO DONOSO URIBE,IEPAYH,,,
9,REGIÓN METROPOLITANA DE SANTIAGO,IZQUIERDA ECOLOGISTA POPULAR ANIMALISTA Y HUMANISTA,6,NICOLE ANDREA DÍEZ NAVARRO,IEPAYH,,,
9,REGIÓN METROPOLITANA DE SANTIAGO,IZQUIERDA ECOLOGISTA POPULAR ANIMALISTA Y HUMANISTA,7,SERGIO ENRIQUE FLORES RAMÍREZ,IEPAYH,,,
9,REGIÓN METROPOLITANA DE SANTIAGO,IZQUIERDA ECOLOGISTA POPULAR ANIMALISTA Y HUMANISTA,8,VIVIANA CONSUELO MONTECINOS SUAZO,IEPAYH,,,
10,REGIÓN METROPOLITANA DE SANTIAGO,CHILE GRANDE Y UNIDO,1,JORGE ALESSANDRI VERGARA,UDI,,1.0,
10,REGIÓN METROPOLITANA DE SANTIAGO,CHILE GRANDE Y UNIDO,2,MACARENA ZARHI CORDERO,IND,UDI,,
10,REGIÓN METROPOLITANA DE SANTIAGO,CHILE GRANDE Y UNIDO,3,MARIA JESUS SCHWERTER CABEZAS,UDI,,,
10,REGIÓN METROPOLITANA DE SANTIAGO,CHILE GRANDE Y UNIDO,4,JUAN PABLO SAEZ REY,IND,DEMOCRATAS,,
10,REGIÓN METROPOLITANA DE SANTIAGO,CHILE GRANDE Y UNIDO,5,VICENTE ALMONACID HEYL,IND,DEMOCRATAS,,
10,REGIÓN METROPOLITANA DE SANTIAGO,CHILE GRANDE Y UNIDO,6,SANDRA SOLIMANO LATORRE,IND,DEMOCRATAS,,
10,REGIÓN METROPOLITANA DE SANTIAGO,CHILE GRANDE Y UNIDO,7,MARIA LUISA CORDERO VELASQUEZ,IND,RN,1.0,
10,REGIÓN METROPOLITANA DE SANTIAGO,CHILE GRANDE Y UNIDO,8,JOHANNA MARIECHEN OLIVARES GRIBBELL,RN,,,
10,REGIÓN METROPOLITANA DE SANTIAGO,CHILE GRANDE Y UNIDO,9,FRANCISCO ORREGO GUTIERREZ,RN,,,
10,REGIÓN METROPOLITANA DE SANTIAGO,"VERDES, REGIONALISTAS Y HUMANISTAS",1,FRANCISCO JAVIER ESTEVEZ VALENCIA,IND,AH,,
10,REGIÓN METROPOLITANA DE SANTIAGO,"VERDES, REGIONALISTAS Y HUMANISTAS",2,GLORIA CAROLINA PEREZ SEPULVEDA,IND,AH,,
10,REGIÓN METROPOLITANA DE SANTIAGO,"VERDES, REGIONALISTAS Y HUMANISTAS",3,CLAUDIA YARELA RUIZ MONTECINO,IND,AH,,
10,REGIÓN METROPOLITANA DE SANTIAGO,"VERDES, REGIONALISTAS Y HUMANISTAS",4,LUIS MARIANO RENDON ESCOBAR,IND,AH,,
10,REGIÓN METROPOLITANA DE SANTIAGO,"VERDES, REGIONALISTAS Y HUMANISTAS",5,CLAUDIA RUZ ROTHEN,FREVS,,,
10,REGIÓN METROPOLITANA DE SANTIAGO,"VERDES, REGIONALISTAS Y HUMANISTAS",6,ANTONIO ARRIAGADA JURE,IND,FREVS,,
10,REGIÓN METROPOLITANA DE SANTIAGO,"VERDES, REGIONALISTAS Y HUMANISTAS",7,JAVIERA GONZALEZ ARENAS,FREVS,,,
10,REGIÓN METROPOLITANA DE SANTIAGO,"VERDES, REGIONALISTAS Y HUMANISTAS",8,KATHERINE PEREZ CONTRERAS,IND,FREVS,,
10,REGIÓN METROPOLITANA DE SANTIAGO,"VERDES, REGIONALISTAS Y HUMANISTAS",9,MARCIA SOTO DIAZ,IND,FREVS,,
10,REGIÓN METROPOLITANA DE SANTIAGO,CAMBIO POR CHILE,1,HANS ALBERTO MAROWSKI CUEVAS,PNL,,,
10,REGIÓN METROPOLITANA DE SANTIAGO,CAMBIO POR CHILE,2,LETICIA DEL CARMEN ARAYA AHUMADA,PNL,,,
10,REGIÓN METROPOLITANA DE SANTIAGO,CAMBIO POR CHILE,3,FRANCO JAVIER FRÍAS GUTIÉRREZ,PNL,,,
10,REGIÓN METROPOLITANA DE SANTIAGO,CAMBIO POR CHILE,4,EVELYN ALEJANDRA HERNÁNDEZ FLORES,PNL,,,
10,REGIÓN METROPOLITANA DE SANTIAGO,CAMBIO POR CHILE,5,VÍCTOR JEAN PIERRE BONVALLET SETTI,IND,PNL,,
10,REGIÓN METROPOLITANA DE SANTIAGO,CAMBIO POR CHILE,6,GINO LORENZINI BARRIOS,IND,PNL,,
10,REGIÓN METROPOLITANA DE SANTIAGO,CAMBIO POR CHILE,7,MATÍAS BELLOLIO MERINO,REP,,,
10,REGIÓN METROPOLITANA DE SANTIAGO,CAMBIO POR CHILE,8,ABIGAIL ABURTO CÁRDENAS,IND,,,
10,REGIÓN METROPOLITANA DE SANTIAGO,CAMBIO POR CHILE,9,JOSÉ ANTONIO KAST ADRIASOLA,REP,,,
10,REGIÓN METROPOLITANA DE SANTIAGO,UNIDAD POR CHILE ,1,GONZALO WINTER,FA,1,,
10,REGIÓN METROPOLITANA DE SANTIAGO,UNIDAD POR CHILE ,2,EMILIA SCHNEIDER,FA,1,,
10,REGIÓN METROPOLITANA DE SANTIAGO,UNIDAD POR CHILE ,3,LORENA FRIES,FA,1,,
10,REGIÓN METROPOLITANA DE SANTIAGO,UNIDAD POR CHILE ,4,ALEJANDRA PLACENCIA,PC,1,,
10,REGIÓN METROPOLITANA DE SANTIAGO,UNIDAD POR CHILE ,5,IRACÍ HASSLER,PC,,,
10,REGIÓN METROPOLITANA DE SANTIAGO,UNIDAD POR CHILE ,6,MARÍA FERNANDA VILLEGAS,PS,,,
10,REGIÓN METROPOLITANA DE SANTIAGO,UNIDAD POR CHILE ,7,ANA MARÍA HERNÁNDEZ,PDC,,,
10,REGIÓN METROPOLITANA DE SANTIAGO,UNIDAD POR CHILE ,8,HELIA MOLINA,PPD,1,,
10,REGIÓN METROPOLITANA DE SANTIAGO,UNIDAD POR CHILE ,9,JOSÉ TORO,PPD,,,
10,REGIÓN METROPOLITANA DE SANTIAGO,PARTIDO DE LA GENTE ,1,KAREN ELIZABETH OSORIO MUÑOZ,PDG,,,
10,REGIÓN METROPOLITANA DE SANTIAGO,PARTIDO DE LA GENTE ,2,GIANNY CONTENLA OJEDA,PDG,,,
10,REGIÓN METROPOLITANA DE SANTIAGO,PARTIDO DE LA GENTE ,3,ALEJANDRAPAMELA JARA QUIROZ,PDG,,,
10,REGIÓN METROPOLITANA DE SANTIAGO,PARTIDO DE LA GENTE ,4,ANDREA DEL PILAR HERRERA CACHAÑA,PDG,,,
10,REGIÓN METROPOLITANA DE SANTIAGO,PARTIDO DE LA GENTE ,5,BÁRBARA TANIA MOLINA SILVA,PDG,,,
10,REGIÓN METROPOLITANA DE SANTIAGO,PARTIDO DE LA GENTE ,6,FRANCISCA ANDREA ACEVEDO LEÓN,PDG,,,
10,REGIÓN METROPOLITANA DE SANTIAGO,PARTIDO DE LA GENTE ,7,BETZABÉ PATRICIA VIGORENA NÚÑEZ,PDG,,,
10,REGIÓN METROPOLITANA DE SANTIAGO,PARTIDO DE LA GENTE ,8,JASMÍN NICOLE OSORIO CÉSPED,PDG,,,
10,REGIÓN METROPOLITANA DE SANTIAGO,PARTIDO DE LA GENTE ,9,FRANCISCO JAVIER PATIÑO TOBAR,PDG,,,
10,REGIÓN METROPOLITANA DE SANTIAGO,IZQUIERDA ECOLOGISTA POPULAR ANIMALISTA Y HUMANISTA,1,CARLOS GARCÍA ÁLVAREZ,IEPAYH,,,
10,REGIÓN METROPOLITANA DE SANTIAGO,IZQUIERDA ECOLOGISTA POPULAR ANIMALISTA Y HUMANISTA,2,CAROLINA IRLANDA VENEGAS RIVERA,IEPAYH,,,
10,REGIÓN METROPOLITANA DE SANTIAGO,IZQUIERDA ECOLOGISTA POPULAR ANIMALISTA Y HUMANISTA,3,DANELIA KING REYES,IEPAYH,,,
10,REGIÓN METROPOLITANA DE SANTIAGO,IZQUIERDA ECOLOGISTA POPULAR ANIMALISTA Y HUMANISTA,4,GARY JAVIER NÚÑEZ ORDOÑA,IEPAYH,,,
10,REGIÓN METROPOLITANA DE SANTIAGO,IZQUIERDA ECOLOGISTA POPULAR ANIMALISTA Y HUMANISTA,5,IBAR NICOLÁS ZEPEDA ALCOTA,IEPAYH,,,
10,REGIÓN METROPOLITANA DE SANTIAGO,IZQUIERDA ECOLOGISTA POPULAR ANIMALISTA Y HUMANISTA,6,JORGE MANUEL PALMA ACUÑA,IEPAYH,,,
10,REGIÓN METROPOLITANA DE SANTIAGO,IZQUIERDA ECOLOGISTA POPULAR ANIMALISTA Y HUMANISTA,7,MARÍA CELESTE JIMÉNEZ RIVERA,IEPAYH,,,
10,REGIÓN METROPOLITANA DE SANTIAGO,IZQUIERDA ECOLOGISTA POPULAR ANIMALISTA Y HUMANISTA,8,MATÍAS JORGE REYES VARGAS,IEPAYH,,,
10,REGIÓN METROPOLITANA DE SANTIAGO,IZQUIERDA ECOLOGISTA POPULAR ANIMALISTA Y HUMANISTA,9,PEDRO ALFREDO GROSSI ROBLES,IEPAYH,,,
11,REGIÓN METROPOLITANA DE SANTIAGO,CHILE GRANDE Y UNIDO,1,FRANCISCO UNDURRAGA GAZITUA,EVOPOLI,,1.0,
11,REGIÓN METROPOLITANA DE SANTIAGO,CHILE GRANDE Y UNIDO,2,MACARENA CORNEJO FUENTES,EVOPOLI,,,
11,REGIÓN METROPOLITANA DE SANTIAGO,CHILE GRANDE Y UNIDO,3,DIEGO SCHALPER SEPULVEDA,RN,,1.0,
11,REGIÓN METROPOLITANA DE SANTIAGO,CHILE GRANDE Y UNIDO,4,CLAUDIA MORA VEGA,RN,,,
11,REGIÓN METROPOLITANA DE SANTIAGO,CHILE GRANDE Y UNIDO,5,PERCY CARTER MORONG,IND,DEMOCRATAS,,
11,REGIÓN METROPOLITANA DE SANTIAGO,CHILE GRANDE Y UNIDO,6,CARLOS WARD EDWARDS,UDI,,,
11,REGIÓN METROPOLITANA DE SANTIAGO,CHILE GRANDE Y UNIDO,7,CONSTANZA HUBE PORTUS,UDI,,,
11,REGIÓN METROPOLITANA DE SANTIAGO,"VERDES, REGIONALISTAS Y HUMANISTAS",1,TOMAS RENE HIRSCH GOLDSCHMIDT,AH,,1.0,
11,REGIÓN METROPOLITANA DE SANTIAGO,"VERDES, REGIONALISTAS Y HUMANISTAS",2,ELIZABETH ADRIANA CONTRERAS BECERRA,IND,AH,,
11,REGIÓN METROPOLITANA DE SANTIAGO,"VERDES, REGIONALISTAS Y HUMANISTAS",3,CATALINA DEYANIRA VIDAL MENDEZ,AH,,,
11,REGIÓN METROPOLITANA DE SANTIAGO,"VERDES, REGIONALISTAS Y HUMANISTAS",4,PEDRO JORGE DAVIS URZUA,IND,AH,,
11,REGIÓN METROPOLITANA DE SANTIAGO,"VERDES, REGIONALISTAS Y HUMANISTAS",5,MYRIAM DE LAS MERCEDES MEZA ANCATEN,AH,,,
11,REGIÓN METROPOLITANA DE SANTIAGO,"VERDES, REGIONALISTAS Y HUMANISTAS",6,GERMAN ROJAS VOLMAR,FREVS,,,
11,REGIÓN METROPOLITANA DE SANTIAGO,"VERDES, REGIONALISTAS Y HUMANISTAS",7,MELINA GIANELLI ALTAMIRANO,FREVS,,,
11,REGIÓN METROPOLITANA DE SANTIAGO,CAMBIO POR CHILE,1,CRISTIAN ARAYA LERDO DE TEJADA,REP,,1.0,
11,REGIÓN METROPOLITANA DE SANTIAGO,CAMBIO POR CHILE,2,CATALINA DEL REAL MIHOVILOVIC,REP,,1.0,
11,REGIÓN METROPOLITANA DE SANTIAGO,CAMBIO POR CHILE,3,PEDRO LEA-PLAZA EDWARDS,REP,,,
11,REGIÓN METROPOLITANA DE SANTIAGO,CAMBIO POR CHILE,4,MICHEL ENRIQUE CARTES ZUÑIGA,PSC,,,
11,REGIÓN METROPOLITANA DE SANTIAGO,CAMBIO POR CHILE,5,CRISTIAN IGNACIO DALY DAGORRET,PNL,,,
11,REGIÓN METROPOLITANA DE SANTIAGO,CAMBIO POR CHILE,6,CARLOS ROBERTO ALARCÓN CASTRO,PNL,,,
11,REGIÓN METROPOLITANA DE SANTIAGO,CAMBIO POR CHILE,7,MARÍA CAROLINA COTAPOS MARDONES,PNL,,,
11,REGIÓN METROPOLITANA DE SANTIAGO,UNIDAD POR CHILE ,1,RODRIGO RETTIG,PL,,,
11,REGIÓN METROPOLITANA DE SANTIAGO,UNIDAD POR CHILE ,2,MARCELA HEVIA,IND,PL,,
11,REGIÓN METROPOLITANA DE SANTIAGO,UNIDAD POR CHILE ,3,CONSTANZA SCHONHAUT,FA,,,
11,REGIÓN METROPOLITANA DE SANTIAGO,UNIDAD POR CHILE ,4,ISIDORA ALCALDE,FA,,,
11,REGIÓN METROPOLITANA DE SANTIAGO,UNIDAD POR CHILE ,5,CINDY SOLÍS,IND,PPD,,
11,REGIÓN METROPOLITANA DE SANTIAGO,UNIDAD POR CHILE ,6,MARÍA ESTHER OLEA,PR,,,
11,REGIÓN METROPOLITANA DE SANTIAGO,UNIDAD POR CHILE ,7,CECILIA CELIS,PDC,,,
11,REGIÓN METROPOLITANA DE SANTIAGO,PARTIDO DE LA GENTE ,1,RICARDO ANDRÉS AVILÉS RUBILAR,PDG,,,
11,REGIÓN METROPOLITANA DE SANTIAGO,PARTIDO DE LA GENTE ,2,CRISTOPHER ALEXEIS SUÁREZ GONZÁLEZ,PDG,,,
11,REGIÓN METROPOLITANA DE SANTIAGO,PARTIDO DE LA GENTE ,3,ELIZABETH FUENTES BRAVO,PDG,,,
11,REGIÓN METROPOLITANA DE SANTIAGO,PARTIDO DE LA GENTE ,4,ERNESTO EXEQUIEL CORTEZ ULBRICH,PDG,,,
11,REGIÓN METROPOLITANA DE SANTIAGO,PARTIDO DE LA GENTE ,5,MARCELA IVONNE CABALLERO REYES,PDG,,,
11,REGIÓN METROPOLITANA DE SANTIAGO,PARTIDO DE LA GENTE ,6,MARICEL DEL CARMEN DONOSO ACEVEDO,PDG,,,
11,REGIÓN METROPOLITANA DE SANTIAGO,PARTIDO DE LA GENTE ,7,RICARDO ANDRÉS SILVA CALCAGNO,PDG,,,
11,REGIÓN METROPOLITANA DE SANTIAGO,IZQUIERDA ECOLOGISTA POPULAR ANIMALISTA Y HUMANISTA,1,ELIO ZAFATE MORAGA,IEPAYH,,,
11,REGIÓN METROPOLITANA DE SANTIAGO,IZQUIERDA ECOLOGISTA POPULAR ANIMALISTA Y HUMANISTA,2,GUILLERMINA MARGARITA TUDELA CRUZ,IEPAYH,,,
11,REGIÓN METROPOLITANA DE SANTIAGO,IZQUIERDA ECOLOGISTA POPULAR ANIMALISTA Y HUMANISTA,3,GUILLERMO ABRAHAM GONZÁLEZ CASTRO,IEPAYH,,,
11,REGIÓN METROPOLITANA DE SANTIAGO,IZQUIERDA ECOLOGISTA POPULAR ANIMALISTA Y HUMANISTA,4,MARÍA ANGÉLICA ROMERO DONOSO,IEPAYH,,,
11,REGIÓN METROPOLITANA DE SANTIAGO,IZQUIERDA ECOLOGISTA POPULAR ANIMALISTA Y HUMANISTA,5,NELSON NICOLÁS PEÑA GALLARDO,IEPAYH,,,
11,REGIÓN METROPOLITANA DE SANTIAGO,IZQUIERDA ECOLOGISTA POPULAR ANIMALISTA Y HUMANISTA,6,NICOLÁS ANDRÉS ROMERO REEVES,IEPAYH,,,
12,REGIÓN METROPOLITANA DE SANTIAGO,CHILE GRANDE Y UNIDO,1,XIMENA OSSANDON IRARRAZABAL,RN,,1.0,
12,REGIÓN METROPOLITANA DE SANTIAGO,CHILE GRANDE Y UNIDO,2,PAOLA ROMERO LLANOS,IND,RN,,
12,REGIÓN METROPOLITANA DE SANTIAGO,CHILE GRANDE Y UNIDO,3,HUGO ESTRELLA MUÑOZ,RN,,,
12,REGIÓN METROPOLITANA DE SANTIAGO,CHILE GRANDE Y UNIDO,4,PAZ ORTUZAR FUENZALIDA,IND,UDI,,
12,REGIÓN METROPOLITANA DE SANTIAGO,CHILE GRANDE Y UNIDO,5,CLAUDIA RASSO SOCIAS,IND,UDI,,
12,REGIÓN METROPOLITANA DE SANTIAGO,CHILE GRANDE Y UNIDO,6,ANIBAL PINTO FERRADA,UDI,,,
12,REGIÓN METROPOLITANA DE SANTIAGO,CHILE GRANDE Y UNIDO,7,JOHANA CONCHA ORTIZ,DEMOCRATAS,,,
12,REGIÓN METROPOLITANA DE SANTIAGO,CHILE GRANDE Y UNIDO,8,JONATHAN BARRERA GUAJARDO,DEMOCRATAS,,,
12,REGIÓN METROPOLITANA DE SANTIAGO,"VERDES, REGIONALISTAS Y HUMANISTAS",1,ANA MARIA GAZMURI VIEIRA,AH,,1.0,
12,REGIÓN METROPOLITANA DE SANTIAGO,"VERDES, REGIONALISTAS Y HUMANISTAS",2,MARGARITA PAZ ARAYA FLORES,AH,,,
12,REGIÓN METROPOLITANA DE SANTIAGO,"VERDES, REGIONALISTAS Y HUMANISTAS",3,GIOVANNA JAZMIN GRANDON CARO,IND,AH,,
12,REGIÓN METROPOLITANA DE SANTIAGO,"VERDES, REGIONALISTAS Y HUMANISTAS",4,FABRIZIO ANTONIO ALDAY VALDOVINOS,IND,AH,,
12,REGIÓN METROPOLITANA DE SANTIAGO,"VERDES, REGIONALISTAS Y HUMANISTAS",5,HERNAN PALMA PEREZ,FREVS,,1.0,
12,REGIÓN METROPOLITANA DE SANTIAGO,"VERDES, REGIONALISTAS Y HUMANISTAS",6,XIMENA SALINAS GONZALEZ,FREVS,,,
12,REGIÓN METROPOLITANA DE SANTIAGO,"VERDES, REGIONALISTAS Y HUMANISTAS",7,GUSTAVO LORCA QUITRAL,IND,FREVS,,
12,REGIÓN METROPOLITANA DE SANTIAGO,"VERDES, REGIONALISTAS Y HUMANISTAS",8,RICARDO SANTANA PEREZ,IND,FREVS,,
12,REGIÓN METROPOLITANA DE SANTIAGO,CAMBIO POR CHILE,1,JUDITH MAKARENA MARIN MORALES,PSC,,,
12,REGIÓN METROPOLITANA DE SANTIAGO,CAMBIO POR CHILE,2,ELEIN FERNANDA OSSANDON MANRIQUE,PSC,,,
12,REGIÓN METROPOLITANA DE SANTIAGO,CAMBIO POR CHILE,3,KEVIN ROGER VALENZUELA ARROYO,PSC,,,
12,REGIÓN METROPOLITANA DE SANTIAGO,CAMBIO POR CHILE,4,CAMILLE SIGL FUENTES,PNL,,,
12,REGIÓN METROPOLITANA DE SANTIAGO,CAMBIO POR CHILE,5,MARÍA ISABEL SÁEZ VILA,PNL,,,
12,REGIÓN METROPOLITANA DE SANTIAGO,CAMBIO POR CHILE,6,ANDRES FERNANDO ARCE BUSTOS,PNL,,,
12,REGIÓN METROPOLITANA DE SANTIAGO,CAMBIO POR CHILE,7,MACARENA SANTELICES CAÑAS,REP,,,
12,REGIÓN METROPOLITANA DE SANTIAGO,CAMBIO POR CHILE,8,ÁLVARO CARTER FERNÁNDEZ,REP,,1.0,
12,REGIÓN METROPOLITANA DE SANTIAGO,UNIDAD POR CHILE ,1,DANIELA SERRANO,PC,,1.0,
12,REGIÓN METROPOLITANA DE SANTIAGO,UNIDAD POR CHILE ,2,JUAN NAVARRO,PC,,,
12,REGIÓN METROPOLITANA DE SANTIAGO,UNIDAD POR CHILE ,3,SIMÓN RAMÍREZ,FA,,,
12,REGIÓN METROPOLITANA DE SANTIAGO,UNIDAD POR CHILE ,4,MARCO VELARDE,FA,,,
12,REGIÓN METROPOLITANA DE SANTIAGO,UNIDAD POR CHILE ,5,CLAUDIA HASBÚN,PS,,,
12,REGIÓN METROPOLITANA DE SANTIAGO,UNIDAD POR CHILE ,6,LI DANIEL FRIDMAN,IND,PS,,
12,REGIÓN METROPOLITANA DE SANTIAGO,UNIDAD POR CHILE ,7,DINKA TOMICIC,PDC,,,
12,REGIÓN METROPOLITANA DE SANTIAGO,UNIDAD POR CHILE ,8,MÓNICA ARCE,PDC,,1.0,
12,REGIÓN METROPOLITANA DE SANTIAGO,PARTIDO DE LA GENTE ,1,PAMELA JILES MORENO,PDG,,1.0,
12,REGIÓN METROPOLITANA DE SANTIAGO,PARTIDO DE LA GENTE ,2,PABLO ANTONIO MALTES BISKUPOVIC,PDG,,,
12,REGIÓN METROPOLITANA DE SANTIAGO,PARTIDO DE LA GENTE ,3,ZANDRA PARISI FERNÁNDEZ,PDG,,,
12,REGIÓN METROPOLITANA DE SANTIAGO,PARTIDO DE LA GENTE ,4,LUIS EDUARDO MOLINA CASTILLO,PDG,,,
12,REGIÓN METROPOLITANA DE SANTIAGO,PARTIDO DE LA GENTE ,5,LEONARDO JAVIER MATURANA VERGARA,PDG,,,
12,REGIÓN METROPOLITANA DE SANTIAGO,PARTIDO DE LA GENTE ,6,HERNÁN JONATHAN ÁLVAREZ VARGAS,PDG,,,
12,REGIÓN METROPOLITANA DE SANTIAGO,PARTIDO DE LA GENTE ,7,JORGE MARCELO CHÁVEZ ARÉVALO,PDG,,,
12,REGIÓN METROPOLITANA DE SANTIAGO,PARTIDO DE LA GENTE ,8,GLORIA JEANNETTE VERA RUBIO,PDG,,,
12,REGIÓN METROPOLITANA DE SANTIAGO,IZQUIERDA ECOLOGISTA POPULAR ANIMALISTA Y HUMANISTA,1,NINOSKA HENRÍQUEZ ARAYA,IEPAYH,,,
12,REGIÓN METROPOLITANA DE SANTIAGO,IZQUIERDA ECOLOGISTA POPULAR ANIMALISTA Y HUMANISTA,2,CATALINA VALESKA VALENZUELA MAUREIRA,IEPAYH,,,
12,REGIÓN METROPOLITANA DE SANTIAGO,IZQUIERDA ECOLOGISTA POPULAR ANIMALISTA Y HUMANISTA,3,DOMINIQUE GORETTI MUÑOZ VENEGAS,IEPAYH,,,
12,REGIÓN METROPOLITANA DE SANTIAGO,IZQUIERDA ECOLOGISTA POPULAR ANIMALISTA Y HUMANISTA,4,JUAN CARLOS ZÚÑIGA MEDINA,IEPAYH,,,
12,REGIÓN METROPOLITANA DE SANTIAGO,IZQUIERDA ECOLOGISTA POPULAR ANIMALISTA Y HUMANISTA,5,NATALIA BELÉN GARRIDO TORO,IEPAYH,,,
12,REGIÓN METROPOLITANA DE SANTIAGO,IZQUIERDA ECOLOGISTA POPULAR ANIMALISTA Y HUMANISTA,6,PATRICIA RITA PINO MARDONES,IEPAYH,,,
12,REGIÓN METROPOLITANA DE SANTIAGO,IZQUIERDA ECOLOGISTA POPULAR ANIMALISTA Y HUMANISTA,7,PAULA ANDREA OCARES CERDA,IEPAYH,,,
12,REGIÓN METROPOLITANA DE SANTIAGO,IZQUIERDA ECOLOGISTA POPULAR ANIMALISTA Y HUMANISTA,8,RAFAEL HUMBERTO HARVEY VALDÉS,IEPAYH,,,
12,REGIÓN METROPOLITANA DE SANTIAGO,IZQUIERDA ECOLOGISTA POPULAR ANIMALISTA Y HUMANISTA,9,RENÉ AURELIO VALLE TORO,IEPAYH,,,
13,REGIÓN METROPOLITANA DE SANTIAGO,CHILE GRANDE Y UNIDO,1,EDUARDO DURAN SALINAS,RN,,1.0,
13,REGIÓN METROPOLITANA DE SANTIAGO,CHILE GRANDE Y UNIDO,2,SUSAN ATUAN SALCEDO,RN,,,
13,REGIÓN METROPOLITANA DE SANTIAGO,CHILE GRANDE Y UNIDO,3,MACARENA VENEGAS TASSARA,IND,EVOPOLI,,
13,REGIÓN METROPOLITANA DE SANTIAGO,CHILE GRANDE Y UNIDO,4,DANIEL CORONADO CORONADO,EVOPOLI,,,
13,REGIÓN METROPOLITANA DE SANTIAGO,CHILE GRANDE Y UNIDO,5,CLAUDIA LANGE FARIAS,UDI,,,
13,REGIÓN METROPOLITANA DE SANTIAGO,CHILE GRANDE Y UNIDO,6,CRISTHIAN MOREIRA BARROS,UDI,,1.0,
13,REGIÓN METROPOLITANA DE SANTIAGO,"VERDES, REGIONALISTAS Y HUMANISTAS",1,JOSE SILVA DIAZ,IND,FREVS,,
13,REGIÓN METROPOLITANA DE SANTIAGO,"VERDES, REGIONALISTAS Y HUMANISTAS",2,SEBASTIAN VEGA UMATINO,IND,FREVS,,
13,REGIÓN METROPOLITANA DE SANTIAGO,"VERDES, REGIONALISTAS Y HUMANISTAS",3,ROXANA RIQUELME TABACH,IND,FREVS,,
13,REGIÓN METROPOLITANA DE SANTIAGO,"VERDES, REGIONALISTAS Y HUMANISTAS",4,MATIAS FREIRE VALLEJOS,IND,FREVS,,
13,REGIÓN METROPOLITANA DE SANTIAGO,"VERDES, REGIONALISTAS Y HUMANISTAS",5,PERCY ROBERT CAMPOS CORONEL,IND,AH,,
13,REGIÓN METROPOLITANA DE SANTIAGO,"VERDES, REGIONALISTAS Y HUMANISTAS",6,JORGE CRISTIAN OPAZO CASTILLO,AH,,,
13,REGIÓN METROPOLITANA DE SANTIAGO,CAMBIO POR CHILE,1,FELIPE ROSS CORREA,REP,,,
13,REGIÓN METROPOLITANA DE SANTIAGO,CAMBIO POR CHILE,2,VALENTINA BECERRA PEÑA,REP,,,
13,REGIÓN METROPOLITANA DE SANTIAGO,CAMBIO POR CHILE,3,TARYN CAROLINE COOPMAN PALAVICINO,PNL,,,
13,REGIÓN METROPOLITANA DE SANTIAGO,CAMBIO POR CHILE,4,OSCAR ALEJANDRO CALFILEO CASTRO,PNL,,,
13,REGIÓN METROPOLITANA DE SANTIAGO,CAMBIO POR CHILE,5,CRISTIAN ALEJANDRO VIVIAN TRONCOSO,PSC,,,
13,REGIÓN METROPOLITANA DE SANTIAGO,CAMBIO POR CHILE,6,DANIEL JESÚS TAPIA MELLA,IND,,,
13,REGIÓN METROPOLITANA DE SANTIAGO,UNIDAD POR CHILE ,1,LORENA  PIZARRO,PC,,1.0,
13,REGIÓN METROPOLITANA DE SANTIAGO,UNIDAD POR CHILE ,2,GAEL YEOMANS,FA,,1.0,
13,REGIÓN METROPOLITANA DE SANTIAGO,UNIDAD POR CHILE ,3,CRISTÓBAL BARRA,PPD,,,
13,REGIÓN METROPOLITANA DE SANTIAGO,UNIDAD POR CHILE ,4,RENATA VÁSQUEZ,PDC,,,
13,REGIÓN METROPOLITANA DE SANTIAGO,UNIDAD POR CHILE ,5,ELIZABETH ZÚÑIGA CRUZ,PR,,,
13,REGIÓN METROPOLITANA DE SANTIAGO,UNIDAD POR CHILE ,6,DANIEL MELO,PS,,1.0,
13,REGIÓN METROPOLITANA DE SANTIAGO,PARTIDO DE LA GENTE ,1,CRISTIAN ARTURO SEGUEL OLIVOS,PDG,,,
13,REGIÓN METROPOLITANA DE SANTIAGO,PARTIDO DE LA GENTE ,2,MARCELO ANDRÉS OLIVARES FIGUEROA,PDG,,,
13,REGIÓN METROPOLITANA DE SANTIAGO,PARTIDO DE LA GENTE ,3,ALEXANDER RODOLFO ROJAS VILLARROEL,PDG,,,
13,REGIÓN METROPOLITANA DE SANTIAGO,PARTIDO DE LA GENTE ,4,ERIKA MARIBEL LIZAMA FUENTES,PDG,,,
13,REGIÓN METROPOLITANA DE SANTIAGO,PARTIDO DE LA GENTE ,5,NELSON DAVID ÁLVAREZ GALLEGUILLOS,PDG,,,
13,REGIÓN METROPOLITANA DE SANTIAGO,PARTIDO DE LA GENTE ,6,NOEMI MURIEL LAPOSTOL JARA,PDG,,,
13,REGIÓN METROPOLITANA DE SANTIAGO,IZQUIERDA ECOLOGISTA POPULAR ANIMALISTA Y HUMANISTA,1,FERNANDO ISRAEL VILCHES CÉSPEDES,IEPAYH,,,
13,REGIÓN METROPOLITANA DE SANTIAGO,IZQUIERDA ECOLOGISTA POPULAR ANIMALISTA Y HUMANISTA,2,GAZZI ANDRÉS JACOB NÚÑEZ,IEPAYH,,,
13,REGIÓN METROPOLITANA DE SANTIAGO,IZQUIERDA ECOLOGISTA POPULAR ANIMALISTA Y HUMANISTA,3,JORGE CRISTIÁN MUÑOZ REYES,IEPAYH,,,
13,REGIÓN METROPOLITANA DE SANTIAGO,IZQUIERDA ECOLOGISTA POPULAR ANIMALISTA Y HUMANISTA,4,MARISELA DEL PILAR PETERSEN BASAEZ,IEPAYH,,,
13,REGIÓN METROPOLITANA DE SANTIAGO,IZQUIERDA ECOLOGISTA POPULAR ANIMALISTA Y HUMANISTA,5,MÓNICA GLORIA REYES RIFO,IEPAYH,,,
13,REGIÓN METROPOLITANA DE SANTIAGO,IZQUIERDA ECOLOGISTA POPULAR ANIMALISTA Y HUMANISTA,6,YASKARA NADDYA VARGAS GAJARDO,IEPAYH,,,
14,REGIÓN METROPOLITANA DE SANTIAGO,CHILE GRANDE Y UNIDO,1,JAIME COLOMA ALAMOS,UDI,,,
14,REGIÓN METROPOLITANA DE SANTIAGO,CHILE GRANDE Y UNIDO,2,CHRISTIAN GOMEZ DIAZ,IND,UDI,,
14,REGIÓN METROPOLITANA DE SANTIAGO,CHILE GRANDE Y UNIDO,3,CLAUDIA CASTRO GUTIERREZ,IND,UDI,,
14,REGIÓN METROPOLITANA DE SANTIAGO,CHILE GRANDE Y UNIDO,4,ALEJANDRA NOVOA SANDOVAL,RN,,,
14,REGIÓN METROPOLITANA DE SANTIAGO,CHILE GRANDE Y UNIDO,5,PABLO MIRA HURTADO,RN,,,
14,REGIÓN METROPOLITANA DE SANTIAGO,CHILE GRANDE Y UNIDO,6,PABLO HERRERA ROGERS,IND,RN,,
14,REGIÓN METROPOLITANA DE SANTIAGO,CHILE GRANDE Y UNIDO,7,TRINIDAD BIGGS MONTANER,EVOPOLI,,,
14,REGIÓN METROPOLITANA DE SANTIAGO,"VERDES, REGIONALISTAS Y HUMANISTAS",1,PILAR FARFAN VILLAGRA,FREVS,,,
14,REGIÓN METROPOLITANA DE SANTIAGO,"VERDES, REGIONALISTAS Y HUMANISTAS",2,EVELYN BASTIAS ARAYA,FREVS,,,
14,REGIÓN METROPOLITANA DE SANTIAGO,"VERDES, REGIONALISTAS Y HUMANISTAS",3,DANIEL DOMINGUEZ GONZALEZ,IND,FREVS,,
14,REGIÓN METROPOLITANA DE SANTIAGO,"VERDES, REGIONALISTAS Y HUMANISTAS",4,MARIA ELENA FLORES MARTINEZ,IND,FREVS,,
14,REGIÓN METROPOLITANA DE SANTIAGO,"VERDES, REGIONALISTAS Y HUMANISTAS",5,BERNARDA LAGOS FARFAN,FREVS,,,
14,REGIÓN METROPOLITANA DE SANTIAGO,"VERDES, REGIONALISTAS Y HUMANISTAS",6,CARLOS ENRIQUE MORALES FLORES,IND,AH,,
14,REGIÓN METROPOLITANA DE SANTIAGO,"VERDES, REGIONALISTAS Y HUMANISTAS",7,SARA PASCUAL RODRIGUEZ,AH,,,
14,REGIÓN METROPOLITANA DE SANTIAGO,CAMBIO POR CHILE,1,JUAN IRARRÁZAVAL ROSSEL,REP,,1.0,
14,REGIÓN METROPOLITANA DE SANTIAGO,CAMBIO POR CHILE,2,DIEGO VERGARA RODRÍGUEZ,REP,,,
14,REGIÓN METROPOLITANA DE SANTIAGO,CAMBIO POR CHILE,3,ANNEMARIE MULLER DURING,REP,,,
14,REGIÓN METROPOLITANA DE SANTIAGO,CAMBIO POR CHILE,4,JUAN RODRIGO MOLINA ROMO,PSC,,,
14,REGIÓN METROPOLITANA DE SANTIAGO,CAMBIO POR CHILE,5,CARLOS ROBERTO BARBERIS AVENDAÑO,PSC,,,
14,REGIÓN METROPOLITANA DE SANTIAGO,CAMBIO POR CHILE,6,CLAUDIA AIDA ORMEÑO URRA,PNL,,,
14,REGIÓN METROPOLITANA DE SANTIAGO,CAMBIO POR CHILE,7,JOSEFINA IGNACIA DIEGUEZ RUSSELL,PNL,,,
14,REGIÓN METROPOLITANA DE SANTIAGO,UNIDAD POR CHILE ,1,RAÚL LEIVA,PS,,1.0,
14,REGIÓN METROPOLITANA DE SANTIAGO,UNIDAD POR CHILE ,2,ROBERTO SOTO,PS,,,
14,REGIÓN METROPOLITANA DE SANTIAGO,UNIDAD POR CHILE ,3,MARISELA SANTIBÁÑEZ,IND,PC,1.0,
14,REGIÓN METROPOLITANA DE SANTIAGO,UNIDAD POR CHILE ,4,IGNACIO ACHURRA,FA,,,
14,REGIÓN METROPOLITANA DE SANTIAGO,UNIDAD POR CHILE ,5,NIBALDO MEZA,PDC,,,
14,REGIÓN METROPOLITANA DE SANTIAGO,UNIDAD POR CHILE ,6,CRISTIAN PINO,IND,PR,,
14,REGIÓN METROPOLITANA DE SANTIAGO,UNIDAD POR CHILE ,7,CAMILA MUSANTE,IND,PPD,1.0,
14,REGIÓN METROPOLITANA DE SANTIAGO,PARTIDO DE LA GENTE ,1,ANDRÉS RAÚL SÁNCHEZ FREDES,PDG,,,
14,REGIÓN METROPOLITANA DE SANTIAGO,PARTIDO DE LA GENTE ,2,LETICIA DEL CARMEN ZÚÑIGA SILVA,PDG,,,
14,REGIÓN METROPOLITANA DE SANTIAGO,PARTIDO DE LA GENTE ,3,CINDY MARLENE MACÍAS TOLEDO,PDG,,,
14,REGIÓN METROPOLITANA DE SANTIAGO,PARTIDO DE LA GENTE ,4,JUAN ANSELMO MELO RAMÍREZ,PDG,,,
14,REGIÓN METROPOLITANA DE SANTIAGO,PARTIDO DE LA GENTE ,5,SERGIO ANTONIO PALMA BRIONES,PDG,,,
14,REGIÓN METROPOLITANA DE SANTIAGO,PARTIDO DE LA GENTE ,6,ROGELIO ALFREDO URBINA LEAL,PDG,,,
14,REGIÓN METROPOLITANA DE SANTIAGO,PARTIDO DE LA GENTE ,7,JORGE ANDRÉS MEZA INFANTE,PDG,,,
14,REGIÓN METROPOLITANA DE SANTIAGO,IZQUIERDA ECOLOGISTA POPULAR ANIMALISTA Y HUMANISTA,1,ABRAHAM MUÑOZ VILCHES,IEPAYH,,,
14,REGIÓN METROPOLITANA DE SANTIAGO,IZQUIERDA ECOLOGISTA POPULAR ANIMALISTA Y HUMANISTA,2,DINA LUISA FIGUEROA MARDONES,IEPAYH,,,
14,REGIÓN METROPOLITANA DE SANTIAGO,IZQUIERDA ECOLOGISTA POPULAR ANIMALISTA Y HUMANISTA,3,FELIPE ALEXANDER PINO CASTILLO,IEPAYH,,,
14,REGIÓN METROPOLITANA DE SANTIAGO,IZQUIERDA ECOLOGISTA POPULAR ANIMALISTA Y HUMANISTA,4,GUSTAVO ENRIQUE GONZÁLEZ ARAYA,IEPAYH,,,
14,REGIÓN METROPOLITANA DE SANTIAGO,IZQUIERDA ECOLOGISTA POPULAR ANIMALISTA Y HUMANISTA,5,HÉCTOR FRANCISCO VALDÉS REYES,IEPAYH,,,
14,REGIÓN METROPOLITANA DE SANTIAGO,IZQUIERDA ECOLOGISTA POPULAR ANIMALISTA Y HUMANISTA,6,JASMÍN LIZETTE DONOSO ROMERO,IEPAYH,,,
14,REGIÓN METROPOLITANA DE SANTIAGO,IZQUIERDA ECOLOGISTA POPULAR ANIMALISTA Y HUMANISTA,7,RICARDO MARTÍNEZ VALENCIA,IEPAYH,,,
15,REGIÓN DEL LIBERTADOR GENERAL BERNARDO O'HIGGINS,CHILE GRANDE Y UNIDO,1,PATRICIO LAGUNA GEBAUER,IND,DEMOCRATAS,,
15,REGIÓN DEL LIBERTADOR GENERAL BERNARDO O'HIGGINS,CHILE GRANDE Y UNIDO,2,LENNIN ARROYO VEGA,IND,DEMOCRATAS,,
15,REGIÓN DEL LIBERTADOR GENERAL BERNARDO O'HIGGINS,CHILE GRANDE Y UNIDO,3,EMILIANO ORUETA BUSTOS,RN,,,
15,REGIÓN DEL LIBERTADOR GENERAL BERNARDO O'HIGGINS,CHILE GRANDE Y UNIDO,4,JUAN DE DIOS VALDIVIESO TAGLE,RN,,,
15,REGIÓN DEL LIBERTADOR GENERAL BERNARDO O'HIGGINS,CHILE GRANDE Y UNIDO,5,PIA MARGARIT BAHAMONDE,UDI,,,
15,REGIÓN DEL LIBERTADOR GENERAL BERNARDO O'HIGGINS,CHILE GRANDE Y UNIDO,6,NATALIA ROMERO TALGUIA,IND,UDI,1.0,
15,REGIÓN DEL LIBERTADOR GENERAL BERNARDO O'HIGGINS,"VERDES, REGIONALISTAS Y HUMANISTAS",1,CLAUDIO RAFAEL SEGOVIA COFRE,IND,AH,,
15,REGIÓN DEL LIBERTADOR GENERAL BERNARDO O'HIGGINS,"VERDES, REGIONALISTAS Y HUMANISTAS",2,NICOLAS ALEJANDRO SALGADO AHUMADA,IND,AH,,
15,REGIÓN DEL LIBERTADOR GENERAL BERNARDO O'HIGGINS,"VERDES, REGIONALISTAS Y HUMANISTAS",3,FRANKLIN ESTEBAN GALLARDO GALLARDO,IND,AH,,
15,REGIÓN DEL LIBERTADOR GENERAL BERNARDO O'HIGGINS,"VERDES, REGIONALISTAS Y HUMANISTAS",4,HUGO BOZA VALDENEGRO,FREVS,,,
15,REGIÓN DEL LIBERTADOR GENERAL BERNARDO O'HIGGINS,"VERDES, REGIONALISTAS Y HUMANISTAS",5,MARTA GONZALEZ OLEA,IND,FREVS,,
15,REGIÓN DEL LIBERTADOR GENERAL BERNARDO O'HIGGINS,"VERDES, REGIONALISTAS Y HUMANISTAS",6,HUGO GUZMAN MILLAN,IND,FREVS,,
15,REGIÓN DEL LIBERTADOR GENERAL BERNARDO O'HIGGINS,CAMBIO POR CHILE,1,PATRICIO RODRIGO ARENAS ROMÁN,PSC,,,
15,REGIÓN DEL LIBERTADOR GENERAL BERNARDO O'HIGGINS,CAMBIO POR CHILE,2,PAULA ANDREA MUÑOZ CARRASCO,PSC,,,
15,REGIÓN DEL LIBERTADOR GENERAL BERNARDO O'HIGGINS,CAMBIO POR CHILE,3,FERNANDO UGARTE TEJEDA,REP,,,
15,REGIÓN DEL LIBERTADOR GENERAL BERNARDO O'HIGGINS,CAMBIO POR CHILE,4,EMILIANO GARCÍA BOBADILLA,REP,,,
15,REGIÓN DEL LIBERTADOR GENERAL BERNARDO O'HIGGINS,CAMBIO POR CHILE,5,CHRISTIAN ANDRÉS VARGAS PAREDES,PNL,,,
15,REGIÓN DEL LIBERTADOR GENERAL BERNARDO O'HIGGINS,CAMBIO POR CHILE,6,JAVIERA VALENTINA MORENO CERPA,PNL,,,
15,REGIÓN DEL LIBERTADOR GENERAL BERNARDO O'HIGGINS,UNIDAD POR CHILE ,1,RAÚL SOTO,PPD,,1.0,
15,REGIÓN DEL LIBERTADOR GENERAL BERNARDO O'HIGGINS,UNIDAD POR CHILE ,2,FERNANDO ZAMORANO,PPD,,,
15,REGIÓN DEL LIBERTADOR GENERAL BERNARDO O'HIGGINS,UNIDAD POR CHILE ,3,RAISA MARTÍNEZ,PC,,,
15,REGIÓN DEL LIBERTADOR GENERAL BERNARDO O'HIGGINS,UNIDAD POR CHILE ,4,VALENTINA CÁCERES,IND,FA,,
15,REGIÓN DEL LIBERTADOR GENERAL BERNARDO O'HIGGINS,UNIDAD POR CHILE ,5,CAROLINA HERRERA CONTRERAS,IND,PS,,
15,REGIÓN DEL LIBERTADOR GENERAL BERNARDO O'HIGGINS,UNIDAD POR CHILE ,6,MARCELA RIQUELME,IND,PR,1.0,
15,REGIÓN DEL LIBERTADOR GENERAL BERNARDO O'HIGGINS,PARTIDO DE LA GENTE ,1,PEDRO ANDRÉS GUBERNATTI TORO,PDG,,,
15,REGIÓN DEL LIBERTADOR GENERAL BERNARDO O'HIGGINS,PARTIDO DE LA GENTE ,2,MARCELA DEL CARMEN NARVÁEZ ZAPATA,PDG,,,
15,REGIÓN DEL LIBERTADOR GENERAL BERNARDO O'HIGGINS,PARTIDO DE LA GENTE ,3,JOSÉ MIGUEL LATORRE LUDUEÑA,PDG,,,
15,REGIÓN DEL LIBERTADOR GENERAL BERNARDO O'HIGGINS,PARTIDO DE LA GENTE ,4,CARLA EUGENIA RUBIO CARRASCO,PDG,,,
15,REGIÓN DEL LIBERTADOR GENERAL BERNARDO O'HIGGINS,PARTIDO DE LA GENTE ,5,LUISA ELENA CÁCERES MIRANDA,PDG,,,
15,REGIÓN DEL LIBERTADOR GENERAL BERNARDO O'HIGGINS,PARTIDO DE LA GENTE ,6,RODRIGO ALBERTO PEÑAILILLO VALENZUELA,PDG,,,
15,REGIÓN DEL LIBERTADOR GENERAL BERNARDO O'HIGGINS,AMARILLOS,1,Carol AROS SEGUEL,AMARILLOS,,,
15,REGIÓN DEL LIBERTADOR GENERAL BERNARDO O'HIGGINS,AMARILLOS,2,Paz SUÁREZ BRIONES,AMARILLOS,,,
15,REGIÓN DEL LIBERTADOR GENERAL BERNARDO O'HIGGINS,AMARILLOS,3,EUGENIO VALDIVIA LATORRE,AMARILLOS,,,
15,REGIÓN DEL LIBERTADOR GENERAL BERNARDO O'HIGGINS,AMARILLOS,4,JAVIER MELLA VÁSQUEZ,AMARILLOS,,,
15,REGIÓN DEL LIBERTADOR GENERAL BERNARDO O'HIGGINS,AMARILLOS,5,FAVIO VÁSQUEZ PAVEZ,AMARILLOS,,,16,REGIÓN DEL LIBERTADOR GENERAL BERNARDO O'HIGGINS,CHILE GRANDE Y UNIDO,1,CARLA MORALES MALDONADO,RN,,1.0,
16,REGIÓN DEL LIBERTADOR GENERAL BERNARDO O'HIGGINS,CHILE GRANDE Y UNIDO,2,HUMBERTO GARCIA DIAZ,IND,RN,,
16,REGIÓN DEL LIBERTADOR GENERAL BERNARDO O'HIGGINS,CHILE GRANDE Y UNIDO,3,IGNACIO MORI PEREZ,EVOPOLI,,,
16,REGIÓN DEL LIBERTADOR GENERAL BERNARDO O'HIGGINS,CHILE GRANDE Y UNIDO,4,RICARDO NEUMANN BERTIN,UDI,,,
16,REGIÓN DEL LIBERTADOR GENERAL BERNARDO O'HIGGINS,CHILE GRANDE Y UNIDO,5,EDUARDO CORNEJO LAGOS,UDI,,1.0,
16,REGIÓN DEL LIBERTADOR GENERAL BERNARDO O'HIGGINS,"VERDES, REGIONALISTAS Y HUMANISTAS",1,ANTONIO CARVACHO CARDENAS,FREVS,,,
16,REGIÓN DEL LIBERTADOR GENERAL BERNARDO O'HIGGINS,"VERDES, REGIONALISTAS Y HUMANISTAS",2,CRISTIAN DIAZ CORREA,IND,FREVS,,
16,REGIÓN DEL LIBERTADOR GENERAL BERNARDO O'HIGGINS,"VERDES, REGIONALISTAS Y HUMANISTAS",3,JAIME GONZALEZ RAMIREZ,IND,FREVS,,
16,REGIÓN DEL LIBERTADOR GENERAL BERNARDO O'HIGGINS,"VERDES, REGIONALISTAS Y HUMANISTAS",4,MARIA CAROLINA MIRANDA CAMPOS,IND,FREVS,,
16,REGIÓN DEL LIBERTADOR GENERAL BERNARDO O'HIGGINS,"VERDES, REGIONALISTAS Y HUMANISTAS",5,PAMELA FRANCISCA NAVARRO LEPPE,IND,AH,,
16,REGIÓN DEL LIBERTADOR GENERAL BERNARDO O'HIGGINS,CAMBIO POR CHILE,1,SEBASTIAN CRISTOFFANINI JARAQUEMADA,REP,,,
16,REGIÓN DEL LIBERTADOR GENERAL BERNARDO O'HIGGINS,CAMBIO POR CHILE,2,MARÍA DEL PILAR ZÚÑIGA ZAMORANO,REP,,,
16,REGIÓN DEL LIBERTADOR GENERAL BERNARDO O'HIGGINS,CAMBIO POR CHILE,3,LUIS ANTONIO BUSTAMANTE MORAGA,PNL,,,
16,REGIÓN DEL LIBERTADOR GENERAL BERNARDO O'HIGGINS,CAMBIO POR CHILE,4,CONSTANZA CAROLINA FLORES ADRIÁN,IND,,,
16,REGIÓN DEL LIBERTADOR GENERAL BERNARDO O'HIGGINS,CAMBIO POR CHILE,5,FRANCISCO JOSÉ AVARIA MARRACCINI,PSC,,,
16,REGIÓN DEL LIBERTADOR GENERAL BERNARDO O'HIGGINS,UNIDAD POR CHILE ,1,FÉLIX BUGUEÑO,FA,,1.0,
16,REGIÓN DEL LIBERTADOR GENERAL BERNARDO O'HIGGINS,UNIDAD POR CHILE ,2,FLORENIA CARVAJAL,PPD,,,
16,REGIÓN DEL LIBERTADOR GENERAL BERNARDO O'HIGGINS,UNIDAD POR CHILE ,3,CAROLINA CUCUMIDES,IND,PS,,
16,REGIÓN DEL LIBERTADOR GENERAL BERNARDO O'HIGGINS,UNIDAD POR CHILE ,4,GLORIA PAREDES,PDC,,,
16,REGIÓN DEL LIBERTADOR GENERAL BERNARDO O'HIGGINS,UNIDAD POR CHILE ,5,COSME MELLADO,PR,,1.0,
16,REGIÓN DEL LIBERTADOR GENERAL BERNARDO O'HIGGINS,PARTIDO DE LA GENTE ,1,SUSAN EVELYN GÓMEZ PARDO,PDG,,,
16,REGIÓN DEL LIBERTADOR GENERAL BERNARDO O'HIGGINS,PARTIDO DE LA GENTE ,2,JOSÉ ANTONIO CARVALLO CASTRO,PDG,,,
16,REGIÓN DEL LIBERTADOR GENERAL BERNARDO O'HIGGINS,PARTIDO DE LA GENTE ,3,DANIELA DENISSE GAETE CORNEJO,PDG,,,
16,REGIÓN DEL LIBERTADOR GENERAL BERNARDO O'HIGGINS,PARTIDO DE LA GENTE ,4,HÉCTOR ANDRÉS SÁNCHEZ MORENO,PDG,,,
16,REGIÓN DEL LIBERTADOR GENERAL BERNARDO O'HIGGINS,PARTIDO DE LA GENTE ,5,RODRIGO ANDRÉS MALDONADO BECERRA,PDG,,,
17,REGIÓN DEL MAULE,CHILE GRANDE Y UNIDO,1,JORGE GUZMAN ZEPEDA,EVOPOLI,,1.0,
17,REGIÓN DEL MAULE,CHILE GRANDE Y UNIDO,2,CLAUDIA URRUTIA MARQUEZ,IND,EVOPOLI,,
17,REGIÓN DEL MAULE,CHILE GRANDE Y UNIDO,3,ARIEL AMIGO VIDAL,RN,,,
17,REGIÓN DEL MAULE,CHILE GRANDE Y UNIDO,4,BALDEMAR HIGUERAS VIVAR,IND,RN,,
17,REGIÓN DEL MAULE,CHILE GRANDE Y UNIDO,5,KARINA VALENZUELA VEAS,DEMOCRATAS,,,
17,REGIÓN DEL MAULE,CHILE GRANDE Y UNIDO,6,ISABEL UBAL FAUNDEZ,DEMOCRATAS,,,
17,REGIÓN DEL MAULE,CHILE GRANDE Y UNIDO,7,CAROLINA TORRES PIRAZZOLI,UDI,,,
17,REGIÓN DEL MAULE,CHILE GRANDE Y UNIDO,8,FELIPE DONOSO CASTRO,UDI,,1.0,
17,REGIÓN DEL MAULE,"VERDES, REGIONALISTAS Y HUMANISTAS",1,JOSE GONZALEZ GAETE,FREVS,,,
17,REGIÓN DEL MAULE,"VERDES, REGIONALISTAS Y HUMANISTAS",2,MARISOL PEREZ SAAVEDRA,FREVS,,,
17,REGIÓN DEL MAULE,"VERDES, REGIONALISTAS Y HUMANISTAS",3,CARLOS HENRIQUEZ RAMIREZ,FREVS,,,
17,REGIÓN DEL MAULE,"VERDES, REGIONALISTAS Y HUMANISTAS",4,ELIA PIEDRAS GARRIDO,IND,FREVS,,
17,REGIÓN DEL MAULE,"VERDES, REGIONALISTAS Y HUMANISTAS",5,CLAUDIA ANDREA MORALES COURTIN,IND,AH,,
17,REGIÓN DEL MAULE,"VERDES, REGIONALISTAS Y HUMANISTAS",6,JOSE IGNACIO AVELLO ORTIZ,IND,AH,,
17,REGIÓN DEL MAULE,"VERDES, REGIONALISTAS Y HUMANISTAS",7,SANDRA PATRICIA SANCHEZ AGUILAR,IND,AH,,
17,REGIÓN DEL MAULE,"VERDES, REGIONALISTAS Y HUMANISTAS",8,JOSE LUIS NUÑEZ HERRERA,IND,AH,,
17,REGIÓN DEL MAULE,CAMBIO POR CHILE,1,BENJAMÍN MORENO BASCUR,REP,,1.0,
17,REGIÓN DEL MAULE,CAMBIO POR CHILE,2,GREIS PARADA ROJAS,REP,,,
17,REGIÓN DEL MAULE,CAMBIO POR CHILE,3,BERNARDO FONTAINE MONTERO,IND,,,
17,REGIÓN DEL MAULE,CAMBIO POR CHILE,4,MARIO EDUARDO CARAVES HECK,PNL,,,
17,REGIÓN DEL MAULE,CAMBIO POR CHILE,5,JOSÉ GERMAN VERDUGO SOTO,PNL,,,
17,REGIÓN DEL MAULE,CAMBIO POR CHILE,6,PATRICIO ANDRÉS LINEROS GONZÁLEZ,PSC,,,
17,REGIÓN DEL MAULE,CAMBIO POR CHILE,7,LUIS BERNARDO VÁSQUEZ BOBADILLA,PSC,,,
17,REGIÓN DEL MAULE,CAMBIO POR CHILE,8,FERNANDA CATALINA AGUIRRE TORRES,PSC,,,
17,REGIÓN DEL MAULE,UNIDAD POR CHILE ,1,ROBERTO CELEDÓN,IND,FA,1.0,
17,REGIÓN DEL MAULE,UNIDAD POR CHILE ,2,NATALY ROJAS,FA,,,
17,REGIÓN DEL MAULE,UNIDAD POR CHILE ,3,PRISCILLA CASTILLO,PDC,,,
17,REGIÓN DEL MAULE,UNIDAD POR CHILE ,4,JAVIER MUÑOZ,PDC,,,
17,REGIÓN DEL MAULE,UNIDAD POR CHILE ,5,BORIS DURÁN REYES,PS,,,
17,REGIÓN DEL MAULE,UNIDAD POR CHILE ,6,GABRIEL ROJAS ROA,IND,PS,,
17,REGIÓN DEL MAULE,UNIDAD POR CHILE ,7,ANA MUÑOZ MUÑOZ,IND,PR,,
17,REGIÓN DEL MAULE,UNIDAD POR CHILE ,8,PABLO DEL RÍO JIMENEZ,PR,,,
17,REGIÓN DEL MAULE,PARTIDO DE LA GENTE ,1,GUILLERMO VICTORIANO VALDÉS CARMONA,PDG,,,
17,REGIÓN DEL MAULE,PARTIDO DE LA GENTE ,2,VIVIANA DE LAS MERCEDES RODRÍGUEZ SAAVEDRA,PDG,,,
17,REGIÓN DEL MAULE,PARTIDO DE LA GENTE ,3,NICOLAS ENRIQUE GARCÍA ESPINOZA,PDG,,,
17,REGIÓN DEL MAULE,PARTIDO DE LA GENTE ,4,EDUARDO ALEXANDER OTEIZA VÁSQUEZ,PDG,,,
17,REGIÓN DEL MAULE,PARTIDO DE LA GENTE ,5,ROSA IRENE BRAVO HERRERA,PDG,,,
17,REGIÓN DEL MAULE,PARTIDO DE LA GENTE ,6,LORENA ALEJANDRA BALLADARES CHAMORRO,PDG,,,
17,REGIÓN DEL MAULE,PARTIDO DE LA GENTE ,7,DANIELA FRANCISCA DÍAZ GÓMEZ,PDG,,,
17,REGIÓN DEL MAULE,PARTIDO DE LA GENTE ,8,JAVIER MORALES MORALES,PDG,,,
18,REGIÓN DEL MAULE,CHILE GRANDE Y UNIDO,1,GUSTAVO BENAVENTE VERGARA,UDI,,1.0,
18,REGIÓN DEL MAULE,CHILE GRANDE Y UNIDO,2,PAULA RETAMAL URRUTIA,IND,UDI,,
18,REGIÓN DEL MAULE,CHILE GRANDE Y UNIDO,3,GLADYS GONZALEZ ALVAREZ,IND,DEMOCRATAS,,
18,REGIÓN DEL MAULE,CHILE GRANDE Y UNIDO,4,RODRIGO RAMIREZ PARRA,IND,RN,,
18,REGIÓN DEL MAULE,CHILE GRANDE Y UNIDO,5,MACARENA SAN MARTIN FREIRE,RN,,,
18,REGIÓN DEL MAULE,"VERDES, REGIONALISTAS Y HUMANISTAS",1,RODRIGO BRAVO BUSTOS,AH,,,
18,REGIÓN DEL MAULE,"VERDES, REGIONALISTAS Y HUMANISTAS",2,PAULINA ALVAREZ RODRIGUEZ,IND,AH,,
18,REGIÓN DEL MAULE,"VERDES, REGIONALISTAS Y HUMANISTAS",3,EDWARD FREDERICK ROBINSON FLORES Y CASTILLO,IND,AH,,
18,REGIÓN DEL MAULE,"VERDES, REGIONALISTAS Y HUMANISTAS",4,DAPHNE SALDAÑA SAN MARTIN,IND,FREVS,,
18,REGIÓN DEL MAULE,"VERDES, REGIONALISTAS Y HUMANISTAS",5,ANGELA VELIZ GONZALEZ,IND,FREVS,,
18,REGIÓN DEL MAULE,CAMBIO POR CHILE,1,GENESIS ETHIARE VELOSO LOBOS,PSC,,,
18,REGIÓN DEL MAULE,CAMBIO POR CHILE,2,CRISTÓBAL GARCÍA OGAZ,REP,,,
18,REGIÓN DEL MAULE,CAMBIO POR CHILE,3,DANIEL BUSTOS LEAL,REP,,,
18,REGIÓN DEL MAULE,CAMBIO POR CHILE,4,CRISTIAN MENCHACA PINOCHET,IND,,,
18,REGIÓN DEL MAULE,CAMBIO POR CHILE,5,JOAQUÍN NICOLÁS MORALES GÓMEZ,PNL,,,
18,REGIÓN DEL MAULE,UNIDAD POR CHILE ,1,CONSUELO VELOSO,IND,PR,1.0,
18,REGIÓN DEL MAULE,UNIDAD POR CHILE ,2,LUCÍA GONZÁLEZ,PDC,,,
18,REGIÓN DEL MAULE,UNIDAD POR CHILE ,3,CECIL HERMOSILLA GATICA,PS,,,
18,REGIÓN DEL MAULE,UNIDAD POR CHILE ,4,MÓNICA MUÑOZ GUAJARDO,PPD,,,
18,REGIÓN DEL MAULE,UNIDAD POR CHILE ,5,KARINA CARTAGENA,FA,,,
18,REGIÓN DEL MAULE,PARTIDO DE LA GENTE ,1,RUBÉN IGNACIO MARTÍNEZ NÚÑEZ,PDG,,,
18,REGIÓN DEL MAULE,PARTIDO DE LA GENTE ,2,DANIELA DEL PILAR OLGUÍN ANDRADE,PDG,,,
18,REGIÓN DEL MAULE,PARTIDO DE LA GENTE ,3,CARLOS ANTONIO BASCUÑÁN TAPIA,PDG,,,
18,REGIÓN DEL MAULE,PARTIDO DE LA GENTE ,4,CAROLINA ALEJANDRA MORALES ORTEGA,PDG,,,
18,REGIÓN DEL MAULE,PARTIDO DE LA GENTE ,5,RODRIGO REIMUNDO VERGARA VALDÉS,PDG,,,
19,REGIÓN DE ÑUBLE,CHILE GRANDE Y UNIDO,1,CRISTOBAL MARTINEZ RAMIREZ,UDI,,1.0,
19,REGIÓN DE ÑUBLE,CHILE GRANDE Y UNIDO,2,MARTA BRAVO SALINAS,UDI,,,
19,REGIÓN DE ÑUBLE,CHILE GRANDE Y UNIDO,3,FRANK SAUERBAUM MUÑOZ,RN,,1.0,
19,REGIÓN DE ÑUBLE,CHILE GRANDE Y UNIDO,4,CARLOS CHANDIA ALARCON,RN,,,
19,REGIÓN DE ÑUBLE,CHILE GRANDE Y UNIDO,5,PATRICIO CAAMAÑO VIVEROS,IND,DEMOCRATAS,,
19,REGIÓN DE ÑUBLE,CHILE GRANDE Y UNIDO,6,JORGE SABAG VILLALOBOS,IND,DEMOCRATAS,,
19,REGIÓN DE ÑUBLE,"VERDES, REGIONALISTAS Y HUMANISTAS",1,WILSON OLIVARES BUSTAMANTE,IND,FREVS,,
19,REGIÓN DE ÑUBLE,"VERDES, REGIONALISTAS Y HUMANISTAS",2,MARIA CECILIA ROMERO PEÑA,FREVS,,,
19,REGIÓN DE ÑUBLE,"VERDES, REGIONALISTAS Y HUMANISTAS",3,CATALINA MEDINA RIVAS,FREVS,,,
19,REGIÓN DE ÑUBLE,"VERDES, REGIONALISTAS Y HUMANISTAS",4,FANNY ARAYA BAHAMONDE,FREVS,,,
19,REGIÓN DE ÑUBLE,"VERDES, REGIONALISTAS Y HUMANISTAS",5,PATRICIA TORRES ASTETE,FREVS,,,
19,REGIÓN DE ÑUBLE,CAMBIO POR CHILE,1,SARA NICOL CONCHA SMITH,PSC,,,
19,REGIÓN DE ÑUBLE,CAMBIO POR CHILE,2,ERICK HELBER JIMÉNEZ GARAY,PSC,,,
19,REGIÓN DE ÑUBLE,CAMBIO POR CHILE,3,FRESIA ALEJANDRA OSORIO CORTES,PSC,,,
19,REGIÓN DE ÑUBLE,CAMBIO POR CHILE,4,MAGDALENA OYARCE SEPÚLVEDA,REP,,,
19,REGIÓN DE ÑUBLE,CAMBIO POR CHILE,5,DIEGO SEPÚLVEDA PALMA,REP,,,
19,REGIÓN DE ÑUBLE,CAMBIO POR CHILE,6,FREDDY REINALDO BLANC SPERBERG,PNL,,,
19,REGIÓN DE ÑUBLE,UNIDAD POR CHILE ,1,FELIPE CAMAÑO CÁRDENAS,IND,PDC,1.0,
19,REGIÓN DE ÑUBLE,UNIDAD POR CHILE ,2,ERICK SOLO DE ZALDÍVAR,FA,,,
19,REGIÓN DE ÑUBLE,UNIDAD POR CHILE ,3,JOSEFA BALMACEDA,IND,PL,,
19,REGIÓN DE ÑUBLE,UNIDAD POR CHILE ,4,CÉSAR RIQUELME ALARCÓN,PR,,,
19,REGIÓN DE ÑUBLE,UNIDAD POR CHILE ,5,FRANCISCO CRISÓSTOMO LLANOS,PS,,,
19,REGIÓN DE ÑUBLE,UNIDAD POR CHILE ,6,SCARLET HIDALGO JARA,PPD,,,
19,REGIÓN DE ÑUBLE,PARTIDO DE LA GENTE ,1,DANIEL GODOY LAGOS,PDG,,,
19,REGIÓN DE ÑUBLE,PARTIDO DE LA GENTE ,2,JENIFFER CAROLINA SALAZAR ZÚÑIGA,PDG,,,
19,REGIÓN DE ÑUBLE,PARTIDO DE LA GENTE ,3,HÉCTOR GUZMÁN VÁSQUEZ,PDG,,,
19,REGIÓN DE ÑUBLE,PARTIDO DE LA GENTE ,4,IGNACIO ANDRÉS LUENGO QUIJADA,PDG,,,
19,REGIÓN DE ÑUBLE,PARTIDO DE LA GENTE ,5,MARIELA ESPINOZA NAVARRETE,PDG,,,
19,REGIÓN DE ÑUBLE,PARTIDO DE LA GENTE ,6,CLIFF ROGERS HENRÍQUEZ RETAMA,PDG,,,
19,REGIÓN DE ÑUBLE,AMARILLOS,1,HENRY FIGUEROA ALARCON,AMARILLOS,,,
19,REGIÓN DE ÑUBLE,AMARILLOS,2,ANTONIO CARO CARO,AMARILLOS,,,
19,REGIÓN DE ÑUBLE,AMARILLOS,3,ANDRES CASTRO GALAZ,AMARILLOS,,,
19,REGIÓN DE ÑUBLE,AMARILLOS,4,VICTORIA ORTIZ VERA,AMARILLOS,,,
19,REGIÓN DE ÑUBLE,AMARILLOS,5,HERMAN CONTRERAS NAVARRO,AMARILLOS,,,
19,REGIÓN DE ÑUBLE,IZQUIERDA ECOLOGISTA POPULAR ANIMALISTA Y HUMANISTA,1,CÉSAR RODRIGO URIBE ARAYA,IEPAYH,,,
19,REGIÓN DE ÑUBLE,IZQUIERDA ECOLOGISTA POPULAR ANIMALISTA Y HUMANISTA,2,EDUARDO LUIS SAVATTINI NÚÑEZ,IEPAYH,,,
19,REGIÓN DE ÑUBLE,IZQUIERDA ECOLOGISTA POPULAR ANIMALISTA Y HUMANISTA,3,JAMES CRISTIAN AMERY BELL,IEPAYH,,,
19,REGIÓN DE ÑUBLE,IZQUIERDA ECOLOGISTA POPULAR ANIMALISTA Y HUMANISTA,4,PATRICIO ALONSO SAN MARTÍN SOLIS,IEPAYH,,,
19,REGIÓN DE ÑUBLE,IZQUIERDA ECOLOGISTA POPULAR ANIMALISTA Y HUMANISTA,5,SUSANA MABEL YAÑEZ BALAGUE,IEPAYH,,,
19,REGIÓN DE ÑUBLE,IZQUIERDA ECOLOGISTA POPULAR ANIMALISTA Y HUMANISTA,6,VALENTINA DENISE IBARRA MOYA,IEPAYH,,,
20,REGIÓN DEL BIOBÍO,CHILE GRANDE Y UNIDO,1,SERGIO BOBADILLA MUÑOZ,UDI,,1.0,
20,REGIÓN DEL BIOBÍO,CHILE GRANDE Y UNIDO,2,MARLENE PEREZ CARTES,IND,UDI,1.0,
20,REGIÓN DEL BIOBÍO,CHILE GRANDE Y UNIDO,3,HENRY CAMPOS COA,UDI,,,
20,REGIÓN DEL BIOBÍO,CHILE GRANDE Y UNIDO,4,LUCIANO SILVA MORA,RN,,,
20,REGIÓN DEL BIOBÍO,CHILE GRANDE Y UNIDO,5,ROBERT CONTRERAS REYES,RN,,,
20,REGIÓN DEL BIOBÍO,CHILE GRANDE Y UNIDO,6,MIRTHA ENCINA OVALLE,RN,,,
20,REGIÓN DEL BIOBÍO,CHILE GRANDE Y UNIDO,7,VICTOR HUGO FIGUEROA REBOLLEDO,IND,DEMOCRATAS,,
20,REGIÓN DEL BIOBÍO,CHILE GRANDE Y UNIDO,8,ANDREA DE LA BARRA MANRIQUEZ,IND,DEMOCRATAS,,
20,REGIÓN DEL BIOBÍO,CHILE GRANDE Y UNIDO,9,ANA ARANEDA GOMEZ,IND,DEMOCRATAS,,
20,REGIÓN DEL BIOBÍO,"VERDES, REGIONALISTAS Y HUMANISTAS",1,ANA ALEJANDRA ALBORNOZ CUEVAS,IND,FREVS,,
20,REGIÓN DEL BIOBÍO,"VERDES, REGIONALISTAS Y HUMANISTAS",2,ELSA LORENA OLAVE SOTO,IND,FREVS,,
20,REGIÓN DEL BIOBÍO,"VERDES, REGIONALISTAS Y HUMANISTAS",3,ROMINA ANDREA TOLEDO QUEVEDO,IND,FREVS,,
20,REGIÓN DEL BIOBÍO,"VERDES, REGIONALISTAS Y HUMANISTAS",4,MARIO ERNESTO GONZALEZ FIGUEROA,FREVS,,,
20,REGIÓN DEL BIOBÍO,"VERDES, REGIONALISTAS Y HUMANISTAS",5,ALEJANDRO NAVARRO BRAIN,IND,FREVS,,
20,REGIÓN DEL BIOBÍO,"VERDES, REGIONALISTAS Y HUMANISTAS",6,GUSTAVO FELIPE SOTOMAYOR OLATE,IND,FREVS,,
20,REGIÓN DEL BIOBÍO,"VERDES, REGIONALISTAS Y HUMANISTAS",7,FELIPE ANDRES ROMERO PEDREROS,IND,FREVS,,
20,REGIÓN DEL BIOBÍO,"VERDES, REGIONALISTAS Y HUMANISTAS",8,JORGE EDUARDO AGUAYO CERRO,IND,FREVS,,
20,REGIÓN DEL BIOBÍO,"VERDES, REGIONALISTAS Y HUMANISTAS",9,DIEGO ANTONIO CARVAJAL BASUALTO,IND,FREVS,,
20,REGIÓN DEL BIOBÍO,CAMBIO POR CHILE,1,FRANCESCA ELIZABETH MUÑOZ GONZÁLEZ,PSC,,1.0,
20,REGIÓN DEL BIOBÍO,CAMBIO POR CHILE,2,ROBERTO ENRIQUE ARROYO MUÑOZ,PSC,,1.0,
20,REGIÓN DEL BIOBÍO,CAMBIO POR CHILE,3,ANTARIS CATALINA VARELA COMPAGNON,PSC,,,
20,REGIÓN DEL BIOBÍO,CAMBIO POR CHILE,4,JESSICA DE LOURDES FLORES REYES,PSC,,,
20,REGIÓN DEL BIOBÍO,CAMBIO POR CHILE,5,GABRIEL TORRES HERMOSILLA,IND,,,
20,REGIÓN DEL BIOBÍO,CAMBIO POR CHILE,6,REINALDO GONZÁLEZ MARIANGEL,PNL,,,
20,REGIÓN DEL BIOBÍO,CAMBIO POR CHILE,7,JIMENA MARITZA FIGUEROA NEGRON,PNL,,,
20,REGIÓN DEL BIOBÍO,CAMBIO POR CHILE,8,JAMES ARGO CHÁVEZ,REP,,,
20,REGIÓN DEL BIOBÍO,CAMBIO POR CHILE,9,PAZ CHARPENTIER RAJCEVICH,REP,,,
20,REGIÓN DEL BIOBÍO,UNIDAD POR CHILE ,1,MARÍA CANDELARIA ACEVEDO,PC,,1.0,
20,REGIÓN DEL BIOBÍO,UNIDAD POR CHILE ,2,EDUARDO BARRA,PC,,,
20,REGIÓN DEL BIOBÍO,UNIDAD POR CHILE ,3,ALICIA YÁÑEZ,PPD,,,
20,REGIÓN DEL BIOBÍO,UNIDAD POR CHILE ,4,CAROLINA MARTÍNEZ,PL,,,
20,REGIÓN DEL BIOBÍO,UNIDAD POR CHILE ,5,DANIELA DRESDNER,FA,,,
20,REGIÓN DEL BIOBÍO,UNIDAD POR CHILE ,6,MACARENA FLORES,PR,,,
20,REGIÓN DEL BIOBÍO,UNIDAD POR CHILE ,7,JOSÉ ANTONIO RIVAS,PS,,,
20,REGIÓN DEL BIOBÍO,UNIDAD POR CHILE ,8,ÁLVARO ORTIZ,PDC,,,
20,REGIÓN DEL BIOBÍO,UNIDAD POR CHILE ,9,ERIC AEDO,PDC,,1.0,
20,REGIÓN DEL BIOBÍO,PARTIDO DE LA GENTE ,1,PATRICIO ANTONIO BRIONES MOLLER,PDG,,,
20,REGIÓN DEL BIOBÍO,PARTIDO DE LA GENTE ,2,CAROLINA ANDREA VENEGAS ARANDA,PDG,,,
20,REGIÓN DEL BIOBÍO,PARTIDO DE LA GENTE ,3,HUGO ANTONIO SOTO BECERRA,PDG,,,
20,REGIÓN DEL BIOBÍO,PARTIDO DE LA GENTE ,4,MARIELLA ANDREA GONZÁLEZ HIDALGO,PDG,,,
20,REGIÓN DEL BIOBÍO,PARTIDO DE LA GENTE ,5,LUIS RICARDO ZÚÑIGA MONTT,PDG,,,
20,REGIÓN DEL BIOBÍO,PARTIDO DE LA GENTE ,6,MARCELA ANDREA GONZÁLEZ ZÁRATE,PDG,,,
20,REGIÓN DEL BIOBÍO,PARTIDO DE LA GENTE ,7,BERNARDO ORLANDO ULLOA PEREIRA,PDG,,,
20,REGIÓN DEL BIOBÍO,PARTIDO DE LA GENTE ,8,FRANCISCA MARIANA ZENTENO ARAOS,PDG,,,
20,REGIÓN DEL BIOBÍO,PARTIDO DE LA GENTE ,9,JULIETTE CRISTINA VILLALOBOS CARES,PDG,,,
20,REGIÓN DEL BIOBÍO,IZQUIERDA ECOLOGISTA POPULAR ANIMALISTA Y HUMANISTA,1,ANGÉLICA ESTELA ÁLVAREZ RODRÍGUEZ,IEPAYH,,,
20,REGIÓN DEL BIOBÍO,IZQUIERDA ECOLOGISTA POPULAR ANIMALISTA Y HUMANISTA,2,CAMILA FERNANDA ARRIAGADA GONZÁLEZ,IEPAYH,,,
20,REGIÓN DEL BIOBÍO,IZQUIERDA ECOLOGISTA POPULAR ANIMALISTA Y HUMANISTA,3,ELIANA ELIZABETH QUEVEDO HERNÁNDEZ,IEPAYH,,,
20,REGIÓN DEL BIOBÍO,IZQUIERDA ECOLOGISTA POPULAR ANIMALISTA Y HUMANISTA,4,JAVIER EDMUNDO DEL RÍO RICHTER,IEPAYH,,,
20,REGIÓN DEL BIOBÍO,IZQUIERDA ECOLOGISTA POPULAR ANIMALISTA Y HUMANISTA,5,JAVIER SANDOVAL OJEDA,IEPAYH,,,
20,REGIÓN DEL BIOBÍO,IZQUIERDA ECOLOGISTA POPULAR ANIMALISTA Y HUMANISTA,6,MAURICIO ESTEBAN SANDOVAL SALAZAR,IEPAYH,,,
20,REGIÓN DEL BIOBÍO,IZQUIERDA ECOLOGISTA POPULAR ANIMALISTA Y HUMANISTA,7,SILVIA MELISSA SANTIBÁÑEZ MANCILLA,IEPAYH,,,
20,REGIÓN DEL BIOBÍO,IZQUIERDA ECOLOGISTA POPULAR ANIMALISTA Y HUMANISTA,8,TRINIDAD FLORINDA ALARCÓN VILLAGRÁN,IEPAYH,,,
20,REGIÓN DEL BIOBÍO,IZQUIERDA ECOLOGISTA POPULAR ANIMALISTA Y HUMANISTA,9,XIMENA ALEJANDRA MUÑOZ VALLEJOS,IEPAYH,,,
21,REGIÓN DEL BIOBÍO,"VERDES, REGIONALISTAS Y HUMANISTAS",1,LUIS ISLAS COFRE,FREVS,,,
21,REGIÓN DEL BIOBÍO,"VERDES, REGIONALISTAS Y HUMANISTAS",2,RODRIGO REINOSO CENDOYA,FREVS,,,
21,REGIÓN DEL BIOBÍO,"VERDES, REGIONALISTAS Y HUMANISTAS",3,JOAQUIN SANHUEZA VILLAMAN,IND,FREVS,,
21,REGIÓN DEL BIOBÍO,"VERDES, REGIONALISTAS Y HUMANISTAS",4,JORGE RIVAS FIGUEROA,IND,FREVS,,
21,REGIÓN DEL BIOBÍO,"VERDES, REGIONALISTAS Y HUMANISTAS",5,JUAN GODOY RIVERA,IND,FREVS,,
20,REGIÓN DEL BIOBÍO,CHILE GRANDE Y UNIDO,1,JOANNA PEREZ OLEA,DEMOCRATAS,,1.0,
21,REGIÓN DEL BIOBÍO,CHILE GRANDE Y UNIDO,2,ELIZABETH MARICAN RIVAS,IND,DEMOCRATAS,,
21,REGIÓN DEL BIOBÍO,CHILE GRANDE Y UNIDO,3,BARBARA KAST SOMMERHOFF,EVOPOLI,,,
21,REGIÓN DEL BIOBÍO,CHILE GRANDE Y UNIDO,4,JORGE CONTRERAS BLUMEL,IND,EVOPOLI,,
21,REGIÓN DEL BIOBÍO,CHILE GRANDE Y UNIDO,5,MARIO GIERKE QUEVEDO,IND,UDI,,
21,REGIÓN DEL BIOBÍO,CHILE GRANDE Y UNIDO,6,FLOR WEISSE NOVOA,UDI,,1.0,
21,REGIÓN DEL BIOBÍO,CAMBIO POR CHILE,1,CRISTÓBAL URRUTICOECHEA RÍOS,PNL,,1.0,
21,REGIÓN DEL BIOBÍO,CAMBIO POR CHILE,2,EVELYN CAAMAÑO GONZÁLEZ,PNL,,,
21,REGIÓN DEL BIOBÍO,CAMBIO POR CHILE,3,FERNANDO PEÑA RIVERA,REP,,,
21,REGIÓN DEL BIOBÍO,CAMBIO POR CHILE,4,SOLANGE ETCHEPARE LACOSTE,IND,,,
21,REGIÓN DEL BIOBÍO,CAMBIO POR CHILE,5,IVANIA PAOLA ROJAS CASTILLO,PSC,,,
21,REGIÓN DEL BIOBÍO,CAMBIO POR CHILE,6,PATRICIO ALEJANDRO BADILLA COFRE,PSC,,,
21,REGIÓN DEL BIOBÍO,UNIDAD POR CHILE ,1,CLARA SAGARDÍA CABEZAS,FA,,1.0,
21,REGIÓN DEL BIOBÍO,UNIDAD POR CHILE ,2,ADOLFO MILLABUR ÑANCUIL,IND,FA,,
21,REGIÓN DEL BIOBÍO,UNIDAD POR CHILE ,3,EDITH LORENA PÉREZ LARENAS,PR,,,
21,REGIÓN DEL BIOBÍO,UNIDAD POR CHILE ,4,ANWAR FARRÁN VELOSO,IND,PR,,
21,REGIÓN DEL BIOBÍO,UNIDAD POR CHILE ,5,PATRICIO PINILLA VALENCIA,PDC,,,
21,REGIÓN DEL BIOBÍO,UNIDAD POR CHILE ,6,KAREN MEDINA VÁSQUEZ,PDC,,1.0,
21,REGIÓN DEL BIOBÍO,PARTIDO DE LA GENTE ,1,LILIAN ALEJANDRA BETANCURT DELGADO,PDG,,,
21,REGIÓN DEL BIOBÍO,PARTIDO DE LA GENTE ,2,CARLOS ALBERTO PEÑA OPAZO,PDG,,,
21,REGIÓN DEL BIOBÍO,PARTIDO DE LA GENTE ,3,KAREN MARCELA MORALES ROZAS,PDG,,,
21,REGIÓN DEL BIOBÍO,PARTIDO DE LA GENTE ,4,CARLOS FELIPE AGURTO PEDREROS,PDG,,,
21,REGIÓN DEL BIOBÍO,PARTIDO DE LA GENTE ,5,CHRISTIAN RODRIGO FUENTES CABEZAS,PDG,,,
21,REGIÓN DEL BIOBÍO,PARTIDO DE LA GENTE ,6,SANDRA AMÉRICA NEIRA ESPINOZA,PDG,,,
21,REGIÓN DEL BIOBÍO,IZQUIERDA ECOLOGISTA POPULAR ANIMALISTA Y HUMANISTA,1,CARLA BELÉN BURGOS ESCOBAR,IEPAYH,,,
22,REGIÓN DE LA ARAUCANÍA,"VERDES, REGIONALISTAS Y HUMANISTAS",1,EMILIA COÑUMIL QUIÑIMIL,FREVS,,,
22,REGIÓN DE LA ARAUCANÍA,"VERDES, REGIONALISTAS Y HUMANISTAS",2,LAUTARO GUANCA VALLEJOS,IND,FREVS,,
22,REGIÓN DE LA ARAUCANÍA,"VERDES, REGIONALISTAS Y HUMANISTAS",3,JUAN PABLO JARAMILLO GONZALEZ,IND,FREVS,,
22,REGIÓN DE LA ARAUCANÍA,CHILE GRANDE Y UNIDO,1,JUAN CARLOS BELTRAN SILVA,RN,,1.0,
22,REGIÓN DE LA ARAUCANÍA,CHILE GRANDE Y UNIDO,2,EDUARDO CRETTON REBOLLEDO,UDI,,,
22,REGIÓN DE LA ARAUCANÍA,CHILE GRANDE Y UNIDO,3,VICTOR MANOLI NAZAL,IND,EVOPOLI,,
22,REGIÓN DE LA ARAUCANÍA,CHILE GRANDE Y UNIDO,4,JORGE SAFFIRIO ESPINOZA,IND,DEMOCRATAS,1.0,
22,REGIÓN DE LA ARAUCANÍA,CAMBIO POR CHILE,1,MARÍA GLORIA NAVEILLAN ARRIAGADA,PNL,,1.0,
22,REGIÓN DE LA ARAUCANÍA,CAMBIO POR CHILE,2,VÍCTOR RAÚL BADILLA URRA,PNL,,,
22,REGIÓN DE LA ARAUCANÍA,CAMBIO POR CHILE,3,ROBERTO CARLOS QUINTANA BURGOS,PSC,,,
22,REGIÓN DE LA ARAUCANÍA,CAMBIO POR CHILE,4,FELIPE MARTÍNEZ REYES,REP,,,
22,REGIÓN DE LA ARAUCANÍA,CAMBIO POR CHILE,5,DEBORAH NEGRETE PLAZA,IND,,,
22,REGIÓN DE LA ARAUCANÍA,UNIDAD POR CHILE ,1,ANDREA PARRA,PPD,,,
22,REGIÓN DE LA ARAUCANÍA,UNIDAD POR CHILE ,2,PATRICIO POZA,PPD,,,
22,REGIÓN DE LA ARAUCANÍA,UNIDAD POR CHILE ,3,LUIS PENCHULEO,FA,,,
22,REGIÓN DE LA ARAUCANÍA,UNIDAD POR CHILE ,4,MANUELA ROYO,IND,FA,,
22,REGIÓN DE LA ARAUCANÍA,UNIDAD POR CHILE ,5,MARIO VENEGAS,IND,PDC,,
22,REGIÓN DE LA ARAUCANÍA,PARTIDO DE LA GENTE ,1,DANIELA NATALY GONZÁLEZ FARIÑA,PDG,,,
22,REGIÓN DE LA ARAUCANÍA,PARTIDO DE LA GENTE ,2,GUIDO ANTONIO DÍAZ VERGARA,PDG,,,
22,REGIÓN DE LA ARAUCANÍA,PARTIDO DE LA GENTE ,3,ALEXIS OJEDA ALTAMIRANO,PDG,,,
22,REGIÓN DE LA ARAUCANÍA,PARTIDO DE LA GENTE ,4,PATRICIA DEL CARMEN MUÑOZ BELTRÁN,PDG,,,
22,REGIÓN DE LA ARAUCANÍA,PARTIDO DE LA GENTE ,5,RAMIRO ADRIÁN RODRÍGUEZ MAUREIRA,PDG,,,
22,REGIÓN DE LA ARAUCANÍA,AMARILLOS,1,MARCELA ROA SUAZO,AMARILLOS,,,
22,REGIÓN DE LA ARAUCANÍA,AMARILLOS,2,FRANCISCA VICTORIA IBARRA LARENAS,AMARILLOS,,,
22,REGIÓN DE LA ARAUCANÍA,AMARILLOS,3,YANIRA CARRASCO ESPINOZA,AMARILLOS,,,
23,REGIÓN DE LA ARAUCANÍA,CHILE GRANDE Y UNIDO,1,TOMAS KAST SOMMERHOFF,EVOPOLI,,,
23,REGIÓN DE LA ARAUCANÍA,CHILE GRANDE Y UNIDO,2,CLAUDIA SALAS MELINAO,IND,EVOPOLI,,
23,REGIÓN DE LA ARAUCANÍA,CHILE GRANDE Y UNIDO,3,MARIA IGNACIA GOMEZ MARTINEZ,IND,DEMOCRATAS,,
23,REGIÓN DE LA ARAUCANÍA,CHILE GRANDE Y UNIDO,4,AXEL GONZALEZ MANQUEIN,IND,DEMOCRATAS,,
23,REGIÓN DE LA ARAUCANÍA,CHILE GRANDE Y UNIDO,5,GENOVEVA SEPULVEDA VENEGAS,UDI,,,
23,REGIÓN DE LA ARAUCANÍA,CHILE GRANDE Y UNIDO,6,GERMAN VERGARA LAGOS,UDI,,,
23,REGIÓN DE LA ARAUCANÍA,CHILE GRANDE Y UNIDO,7,RENE MANUEL GARCIA GARCIA,RN,,,
23,REGIÓN DE LA ARAUCANÍA,CHILE GRANDE Y UNIDO,8,PEDRO DURAN SANHUEZA,RN,,,
23,REGIÓN DE LA ARAUCANÍA,"VERDES, REGIONALISTAS Y HUMANISTAS",1,DANIEL SANDOVAL POBLETE,FREVS,,,
23,REGIÓN DE LA ARAUCANÍA,"VERDES, REGIONALISTAS Y HUMANISTAS",2,MARCELO CARRASCO CARRASCO,IND,FREVS,,
23,REGIÓN DE LA ARAUCANÍA,"VERDES, REGIONALISTAS Y HUMANISTAS",3,PAMELA ÑANCUPIL MARTIN,IND,FREVS,,
23,REGIÓN DE LA ARAUCANÍA,"VERDES, REGIONALISTAS Y HUMANISTAS",4,DANIEL HIDALGO VELOSO,FREVS,,,
23,REGIÓN DE LA ARAUCANÍA,"VERDES, REGIONALISTAS Y HUMANISTAS",5,OSCAR ALBORNOZ TORRES,IND,FREVS,,
23,REGIÓN DE LA ARAUCANÍA,"VERDES, REGIONALISTAS Y HUMANISTAS",6,ANA MARIA NICUL SABARIA,IND,FREVS,,
23,REGIÓN DE LA ARAUCANÍA,"VERDES, REGIONALISTAS Y HUMANISTAS",7,HECTOR CUMILAF HUENTEMIL,IND,FREVS,,
23,REGIÓN DE LA ARAUCANÍA,"VERDES, REGIONALISTAS Y HUMANISTAS",8,PATRICIA ESCOBAR APABLAZA,IND,FREVS,,
23,REGIÓN DE LA ARAUCANÍA,CAMBIO POR CHILE,1,STEPHAN SCHUBERT RUBIO,REP,,1.0,
23,REGIÓN DE LA ARAUCANÍA,CAMBIO POR CHILE,2,CRISTIAN NEIRA MARTÍNEZ,REP,,,
23,REGIÓN DE LA ARAUCANÍA,CAMBIO POR CHILE,3,CLAUDIA STAMBUK MARDONES,PNL,,,
23,REGIÓN DE LA ARAUCANÍA,CAMBIO POR CHILE,4,CLAUDIA KAREN PICHULMAN CUADRA,PNL,,,
23,REGIÓN DE LA ARAUCANÍA,CAMBIO POR CHILE,5,RODOLFO VALENZUELA PARDO,PNL,,,
23,REGIÓN DE LA ARAUCANÍA,CAMBIO POR CHILE,6,MIGUEL ULISES SANZANA VILLABLANCA,PSC,,,
23,REGIÓN DE LA ARAUCANÍA,CAMBIO POR CHILE,7,JOSÉ ISAFOR BRAVO BURGOS,IND,,,
23,REGIÓN DE LA ARAUCANÍA,CAMBIO POR CHILE,8,JORGE ALEJANDRO SEPÚLVEDA ROSALES,PSC,,,
23,REGIÓN DE LA ARAUCANÍA,UNIDAD POR CHILE ,1,JAIME QUINTANA,PPD,,,1.0
23,REGIÓN DE LA ARAUCANÍA,UNIDAD POR CHILE ,2,JOSÉ MONTALVA,IND,PPD,,
23,REGIÓN DE LA ARAUCANÍA,UNIDAD POR CHILE ,3,ERICKA ÑANCO,FA,1,,
23,REGIÓN DE LA ARAUCANÍA,UNIDAD POR CHILE ,4,CHRISTIAN DULANSKY,FA,,,
23,REGIÓN DE LA ARAUCANÍA,UNIDAD POR CHILE ,5,PABLO DÍAZ,PDC,,,
23,REGIÓN DE LA ARAUCANÍA,UNIDAD POR CHILE ,6,CARLOS VALLEJOS,PDC,,,
23,REGIÓN DE LA ARAUCANÍA,UNIDAD POR CHILE ,7,CLAUDIA TAPIA,PS,,,
23,REGIÓN DE LA ARAUCANÍA,UNIDAD POR CHILE ,8,RAÚL ALLARD,PS,,,
23,REGIÓN DE LA ARAUCANÍA,PARTIDO DE LA GENTE ,1,FLOR ROSSANY CONTRERAS VIVALLO,PDG,,,
23,REGIÓN DE LA ARAUCANÍA,PARTIDO DE LA GENTE ,2,ORLANDO CHRISTIAN MACHEFERT INOSTROZA,PDG,,,
23,REGIÓN DE LA ARAUCANÍA,PARTIDO DE LA GENTE ,3,CRISTIAN ALIRO MUÑOZ GARRIDO,PDG,,,
23,REGIÓN DE LA ARAUCANÍA,PARTIDO DE LA GENTE ,4,HERNÁN GONZALO COÑOMAN LEPIMÁN,PDG,,,
23,REGIÓN DE LA ARAUCANÍA,PARTIDO DE LA GENTE ,5,ROBINSON DARÍO ILLANES ACUÑA,PDG,,,
23,REGIÓN DE LA ARAUCANÍA,PARTIDO DE LA GENTE ,6,JESSICA LORENA ANTILEF LINCOLAO,PDG,,,
23,REGIÓN DE LA ARAUCANÍA,PARTIDO DE LA GENTE ,7,MARIA DELIA YAÑEZ BARRERA,PDG,,,
23,REGIÓN DE LA ARAUCANÍA,PARTIDO DE LA GENTE ,8,AMÉRICO ARLÍN MUÑOZ BELTRÁN,PDG,,,
23,REGIÓN DE LA ARAUCANÍA,AMARILLOS,1,NOEL CARMINE ROJAS,AMARILLOS,,,
23,REGIÓN DE LA ARAUCANÍA,AMARILLOS,2,SYLVIA HURILEF BARRA,AMARILLOS,,,
23,REGIÓN DE LA ARAUCANÍA,AMARILLOS,3,ALEJANDRA REYNOLDS CAVALLIERI,AMARILLOS,,,
23,REGIÓN DE LA ARAUCANÍA,AMARILLOS,4,SOLEDAD BURGOS MARTÍNEZ,AMARILLOS,,,
23,REGIÓN DE LA ARAUCANÍA,AMARILLOS,5,DENNIS JARAMILLO HOTT,AMARILLOS,,,
23,REGIÓN DE LA ARAUCANÍA,AMARILLOS,6,ÁNGEL CORTÉS IBARRA,AMARILLOS,,,
24,REGIÓN DE LOS RÍOS,CHILE GRANDE Y UNIDO,1,GASTON VON MUHLENBROCK ZAMORA,UDI,,1.0,
24,REGIÓN DE LOS RÍOS,CHILE GRANDE Y UNIDO,2,OMAR SABAT GUZMAN,IND,UDI,,
24,REGIÓN DE LOS RÍOS,CHILE GRANDE Y UNIDO,3,ANN HUNTER GUTIERREZ,IND,UDI,,
24,REGIÓN DE LOS RÍOS,CHILE GRANDE Y UNIDO,4,KARINA SILVA FERNANDEZ,RN,,,
24,REGIÓN DE LOS RÍOS,CHILE GRANDE Y UNIDO,5,SYLVIA YUNGE WULF,RN,,,
24,REGIÓN DE LOS RÍOS,CHILE GRANDE Y UNIDO,6,DANIEL ELIAS VALENZUELA SALAZAR,IND,RN,,
24,REGIÓN DE LOS RÍOS,"VERDES, REGIONALISTAS Y HUMANISTAS",1,CECILIA BRAVO MORAGA,FREVS,,,
24,REGIÓN DE LOS RÍOS,"VERDES, REGIONALISTAS Y HUMANISTAS",2,MARIO MONTECINOS AROS,FREVS,,,
24,REGIÓN DE LOS RÍOS,"VERDES, REGIONALISTAS Y HUMANISTAS",3,JOVA OPORTO VALENZUELA,FREVS,,,
24,REGIÓN DE LOS RÍOS,"VERDES, REGIONALISTAS Y HUMANISTAS",4,YESSICA GAVILAN ROBLES,IND,FREVS,,
24,REGIÓN DE LOS RÍOS,"VERDES, REGIONALISTAS Y HUMANISTAS",5,JUAN CARLOS ARAYA MARDONES,IND,FREVS,,
24,REGIÓN DE LOS RÍOS,"VERDES, REGIONALISTAS Y HUMANISTAS",6,PEDRO JAQUE CAVADA,IND,FREVS,,
24,REGIÓN DE LOS RÍOS,CAMBIO POR CHILE,1,TAMAR ANGÉLICA MUÑOZ SEPÚLVEDA,PSC,,,
24,REGIÓN DE LOS RÍOS,CAMBIO POR CHILE,2,JUAN CARLOS GÓMEZ GÓMEZ,PSC,,,
24,REGIÓN DE LOS RÍOS,CAMBIO POR CHILE,3,LUIS EDUARDO GAETE ÁLVAREZ,PNL,,,
24,REGIÓN DE LOS RÍOS,CAMBIO POR CHILE,4,DIANA MARITZA SILVA AGUILLON,PNL,,,
24,REGIÓN DE LOS RÍOS,CAMBIO POR CHILE,5,LEANDRO KUNSTMANN COLLADO,REP,,,
24,REGIÓN DE LOS RÍOS,CAMBIO POR CHILE,6,PAULINA HERNÁNDEZ VALDERRAMA,REP,,,
24,REGIÓN DE LOS RÍOS,UNIDAD POR CHILE ,1,ANA BRAVO,PS,1,1.0,
24,REGIÓN DE LOS RÍOS,UNIDAD POR CHILE ,2,MARCO ILABACA,PS,,1.0,
24,REGIÓN DE LOS RÍOS,UNIDAD POR CHILE ,3,MATÍAS FERNÁNDEZ,FA,,,
24,REGIÓN DE LOS RÍOS,UNIDAD POR CHILE ,4,WALDO DÍAZ,PDC,,,
24,REGIÓN DE LOS RÍOS,UNIDAD POR CHILE ,5,VANESSA HUAIQUIMILLA,IND,PPD,,
24,REGIÓN DE LOS RÍOS,UNIDAD POR CHILE ,6,LORENA SALDÍAS,PR,,,
24,REGIÓN DE LOS RÍOS,PARTIDO DE LA GENTE ,1,GERARDO EFRAIN LARA MARTÍNEZ,PDG,,,
24,REGIÓN DE LOS RÍOS,PARTIDO DE LA GENTE ,2,TABINA GABRIELA MANQUE MANQUE,PDG,,,
24,REGIÓN DE LOS RÍOS,PARTIDO DE LA GENTE ,3,FELIPE EMILIO ARANDA SARAVIA,PDG,,,
24,REGIÓN DE LOS RÍOS,PARTIDO DE LA GENTE ,4,ANDREA BURGOS VICUÑA,PDG,,,
24,REGIÓN DE LOS RÍOS,PARTIDO DE LA GENTE ,5,MARCELO MIGUEL FRANCO FRANCO,PDG,,,
24,REGIÓN DE LOS RÍOS,PARTIDO DE LA GENTE ,6,GERALDINA ARGELIA SOLÍS PÉREZ,PDG,,,
25,REGIÓN DE LOS LAGOS,CHILE GRANDE Y UNIDO,1,DANIEL LILAYU VIVANCO,UDI,,1.0,
25,REGIÓN DE LOS LAGOS,CHILE GRANDE Y UNIDO,2,RAMON BAHAMONDE CEA,IND,UDI,,
25,REGIÓN DE LOS LAGOS,CHILE GRANDE Y UNIDO,3,LORENA LEICHTLE BERTIN,RN,,,
25,REGIÓN DE LOS LAGOS,CHILE GRANDE Y UNIDO,4,MATIAS DOMEYKO PRIETO,IND,RN,,
25,REGIÓN DE LOS LAGOS,CHILE GRANDE Y UNIDO,5,JUANCLAUDIO GARCIA FILUN,EVOPOLI,,,
25,REGIÓN DE LOS LAGOS,"VERDES, REGIONALISTAS Y HUMANISTAS",1,GUSTAVO LOBOS CONTRERAS,IND,FREVS,,
25,REGIÓN DE LOS LAGOS,"VERDES, REGIONALISTAS Y HUMANISTAS",2,MANUEL RIVERA ALTAMIRANO,IND,FREVS,,
25,REGIÓN DE LOS LAGOS,"VERDES, REGIONALISTAS Y HUMANISTAS",3,FLORA COLIPAI PAFIAN,FREVS,,,
25,REGIÓN DE LOS LAGOS,"VERDES, REGIONALISTAS Y HUMANISTAS",4,CARLOS LIZANA MARDONES,IND,FREVS,,
25,REGIÓN DE LOS LAGOS,"VERDES, REGIONALISTAS Y HUMANISTAS",5,PAMELA MANSILLA LAVADO,IND,FREVS,,
25,REGIÓN DE LOS LAGOS,CAMBIO POR CHILE,1,SEBASTIÁN CRISTI ALFONSO,PNL,,,
25,REGIÓN DE LOS LAGOS,CAMBIO POR CHILE,2,PAULINA ANDREA MUÑOZ MINTE,PNL,,,
25,REGIÓN DE LOS LAGOS,CAMBIO POR CHILE,3,JAIME PAREDES PAREDES,PSC,,,
25,REGIÓN DE LOS LAGOS,CAMBIO POR CHILE,4,KAREN BERRIOS GUERRA,REP,,,
25,REGIÓN DE LOS LAGOS,CAMBIO POR CHILE,5,ANDREA ITURRIAGA HEWSTONE,IND,,,
25,REGIÓN DE LOS LAGOS,UNIDAD POR CHILE ,1,HÉCTOR BARRÍA,PDC,,1.0,
25,REGIÓN DE LOS LAGOS,UNIDAD POR CHILE ,2,JAIME FIGUEROA,FA,,,
25,REGIÓN DE LOS LAGOS,UNIDAD POR CHILE ,3,NATALY OYARZO,PL,,,
25,REGIÓN DE LOS LAGOS,UNIDAD POR CHILE ,4,RAMÓN ESPINOZA SANDOVAL,IND,PPD,,
25,REGIÓN DE LOS LAGOS,UNIDAD POR CHILE ,5,EMILIA NUYADO,PS,,1.0,
25,REGIÓN DE LOS LAGOS,PARTIDO DE LA GENTE ,1,ISIDORO RODOLFO BARQUÍN PARDO,PDG,,,
25,REGIÓN DE LOS LAGOS,PARTIDO DE LA GENTE ,2,MAURICE GOUDIE DOMÍNGUEZ,PDG,,,
25,REGIÓN DE LOS LAGOS,PARTIDO DE LA GENTE ,3,ANGELICA ELIANA MANRÍQUEZ SANTIBÁÑEZ,PDG,,,
25,REGIÓN DE LOS LAGOS,PARTIDO DE LA GENTE ,4,ERWIN DAVID PÉREZ MONJE,PDG,,,
25,REGIÓN DE LOS LAGOS,PARTIDO DE LA GENTE ,5,SAMUEL DARÍO CÁRDENAS VIVAR,PDG,,,
26,REGIÓN DE LOS LAGOS,CHILE GRANDE Y UNIDO,1,MAURO GONZALEZ VILLARROEL,RN,,1.0,
26,REGIÓN DE LOS LAGOS,CHILE GRANDE Y UNIDO,2,JUAN EDUARDO VERA SANHUEZA,RN,,,
26,REGIÓN DE LOS LAGOS,CHILE GRANDE Y UNIDO,3,LORETO KEMP OYARZUN,EVOPOLI,,,
26,REGIÓN DE LOS LAGOS,CHILE GRANDE Y UNIDO,4,ALEJANDRO CAROCA MARAZZI,IND,EVOPOLI,,
26,REGIÓN DE LOS LAGOS,CHILE GRANDE Y UNIDO,5,KATERINE MONTEALEGRE NAVARRO,UDI,,,
26,REGIÓN DE LOS LAGOS,CHILE GRANDE Y UNIDO,6,FERNANDO BORQUEZ MONTECINOS,UDI,,1.0,
26,REGIÓN DE LOS LAGOS,"VERDES, REGIONALISTAS Y HUMANISTAS",1,ADRIANA AMPUERO BARRIENTOS,IND,FREVS,,
26,REGIÓN DE LOS LAGOS,"VERDES, REGIONALISTAS Y HUMANISTAS",2,MARISOL ROSAS ALVARADO,FREVS,,,
26,REGIÓN DE LOS LAGOS,"VERDES, REGIONALISTAS Y HUMANISTAS",3,CLAUDIO TURRA GONZALEZ,IND,FREVS,,
26,REGIÓN DE LOS LAGOS,"VERDES, REGIONALISTAS Y HUMANISTAS",4,DANIELA QUEZADA SERON,FREVS,,,
26,REGIÓN DE LOS LAGOS,"VERDES, REGIONALISTAS Y HUMANISTAS",5,CLAUDIO CID JARA,FREVS,,,
26,REGIÓN DE LOS LAGOS,"VERDES, REGIONALISTAS Y HUMANISTAS",6,JUAN CARCAMO CARCAMO,IND,FREVS,,
26,REGIÓN DE LOS LAGOS,CAMBIO POR CHILE,1,CLAUDIA REYES LARENAS,REP,,,
26,REGIÓN DE LOS LAGOS,CAMBIO POR CHILE,2,CARLOS SEITZ ASPEE,REP,,,
26,REGIÓN DE LOS LAGOS,CAMBIO POR CHILE,3,MARÍA SOLEDAD LORCA SAU,PNL,,,
26,REGIÓN DE LOS LAGOS,CAMBIO POR CHILE,4,MARCELO ANDRÉS CASTILLO ALDUNATE,PNL,,,
26,REGIÓN DE LOS LAGOS,CAMBIO POR CHILE,5,MARCO ANTONIO MELO HERNÁNDEZ,PSC,,,
26,REGIÓN DE LOS LAGOS,CAMBIO POR CHILE,6,NATACHA ODETTE RIVAS MORALES,PSC,,,
26,REGIÓN DE LOS LAGOS,UNIDAD POR CHILE ,1,HÉCTOR ULLOA,IND,PPD,1.0,
26,REGIÓN DE LOS LAGOS,UNIDAD POR CHILE ,2,JAIME SÁEZ,FA,,1.0,
26,REGIÓN DE LOS LAGOS,UNIDAD POR CHILE ,3,HÉCTOR BALLESTEROS,PS,,,
26,REGIÓN DE LOS LAGOS,UNIDAD POR CHILE ,4,ALEXIS OSSES,PC,,,
26,REGIÓN DE LOS LAGOS,UNIDAD POR CHILE ,5,FEVE HUGO,PDC,,,
26,REGIÓN DE LOS LAGOS,UNIDAD POR CHILE ,6,ALEJANDRO BERNALES,PL,,1.0,
26,REGIÓN DE LOS LAGOS,PARTIDO DE LA GENTE ,1,ALEX MANUEL NAHUELQUÍN NAHUELQUÍN,PDG,,,
26,REGIÓN DE LOS LAGOS,PARTIDO DE LA GENTE ,2,LUIS ADRIÁN VARGAS MACHADO,PDG,,,
26,REGIÓN DE LOS LAGOS,PARTIDO DE LA GENTE ,3,ANDREA QUINTANA DIAZ,PDG,,,
26,REGIÓN DE LOS LAGOS,PARTIDO DE LA GENTE ,4,XIMENA ALEJANDRA URIBE CANOBRA,PDG,,,
26,REGIÓN DE LOS LAGOS,PARTIDO DE LA GENTE ,5,ALEXIS CRISTOBAL MALDONADO RAMOS,PDG,,,
26,REGIÓN DE LOS LAGOS,PARTIDO DE LA GENTE ,6,LUIS MARIANO CHODIL SOTO,PDG,,,
27,REGIÓN DE AYSÉN DEL GENERAL CARLOS IBÁÑEZ DEL CAMPO,CHILE GRANDE Y UNIDO,1,MARCIA RAPHAEL MORA,RN,,1.0,
27,REGIÓN DE AYSÉN DEL GENERAL CARLOS IBÁÑEZ DEL CAMPO,CHILE GRANDE Y UNIDO,2,ALEJANDRA VALDEBENITO TORRES,UDI,,,
27,REGIÓN DE AYSÉN DEL GENERAL CARLOS IBÁÑEZ DEL CAMPO,CHILE GRANDE Y UNIDO,3,GUILLERMO PEREZ PACHECO,DEMOCRATAS,,,
27,REGIÓN DE AYSÉN DEL GENERAL CARLOS IBÁÑEZ DEL CAMPO,CHILE GRANDE Y UNIDO,4,GEOCONDA NAVARRETE ARRATIA,EVOPOLI,,,
27,REGIÓN DE AYSÉN DEL GENERAL CARLOS IBÁÑEZ DEL CAMPO,"VERDES, REGIONALISTAS Y HUMANISTAS",1,RENE ALINCO BUSTOS,IND,FREVS,1.0,
27,REGIÓN DE AYSÉN DEL GENERAL CARLOS IBÁÑEZ DEL CAMPO,"VERDES, REGIONALISTAS Y HUMANISTAS",2,SERGIO GONZALEZ BORQUEZ,IND,FREVS,,
27,REGIÓN DE AYSÉN DEL GENERAL CARLOS IBÁÑEZ DEL CAMPO,"VERDES, REGIONALISTAS Y HUMANISTAS",3,DANIELA OLAVARRIA MOREIRA,IND,FREVS,,
27,REGIÓN DE AYSÉN DEL GENERAL CARLOS IBÁÑEZ DEL CAMPO,"VERDES, REGIONALISTAS Y HUMANISTAS",4,BORIS ROMERO BELLO,IND,FREVS,,
27,REGIÓN DE AYSÉN DEL GENERAL CARLOS IBÁÑEZ DEL CAMPO,CAMBIO POR CHILE,1,CARLOS ALBERTO MELLA ATTON,PNL,,,
27,REGIÓN DE AYSÉN DEL GENERAL CARLOS IBÁÑEZ DEL CAMPO,CAMBIO POR CHILE,2,CRISTIAN PEDRO BORQUEZ ACUÑA,PNL,,,
27,REGIÓN DE AYSÉN DEL GENERAL CARLOS IBÁÑEZ DEL CAMPO,CAMBIO POR CHILE,3,JORGE ALEJANDRO PÉREZ URRA,PSC,,,
27,REGIÓN DE AYSÉN DEL GENERAL CARLOS IBÁÑEZ DEL CAMPO,CAMBIO POR CHILE,4,JAIME ARTURO CEBALLOS VERGARA,REP,,,
27,REGIÓN DE AYSÉN DEL GENERAL CARLOS IBÁÑEZ DEL CAMPO,UNIDAD POR CHILE ,1,ANDREA MACÍAS,PS,,,
27,REGIÓN DE AYSÉN DEL GENERAL CARLOS IBÁÑEZ DEL CAMPO,UNIDAD POR CHILE ,2,ROMINA CEJAS,FA,,,
27,REGIÓN DE AYSÉN DEL GENERAL CARLOS IBÁÑEZ DEL CAMPO,UNIDAD POR CHILE ,3,LUPERCIANO MUÑOZ,IND,PR,,
27,REGIÓN DE AYSÉN DEL GENERAL CARLOS IBÁÑEZ DEL CAMPO,UNIDAD POR CHILE ,4,PATRICIO AYLWIN,PDC,,,
27,REGIÓN DE AYSÉN DEL GENERAL CARLOS IBÁÑEZ DEL CAMPO,PARTIDO DE LA GENTE ,1,KARIN PAMELA CONTRERAS MURTSCHWA,PDG,,,
28,REGIÓN DE MAGALLANES Y DE LA ANTÁRTICA CHILENA,CHILE GRANDE Y UNIDO,1,RICARDO HERNANDEZ CREMASCHI,EVOPOLI,,,
28,REGIÓN DE MAGALLANES Y DE LA ANTÁRTICA CHILENA,CHILE GRANDE Y UNIDO,2,JENNIFFER ROJAS GARCIA,RN,,,
28,REGIÓN DE MAGALLANES Y DE LA ANTÁRTICA CHILENA,CHILE GRANDE Y UNIDO,3,GRACIELA ANDRADE PACHECO,IND,UDI,,
28,REGIÓN DE MAGALLANES Y DE LA ANTÁRTICA CHILENA,CHILE GRANDE Y UNIDO,4,CHRISTIAN MATHESON VILLAN,IND,UDI,1.0,
28,REGIÓN DE MAGALLANES Y DE LA ANTÁRTICA CHILENA,PARTIDO DE LA GENTE ,1,ABEL ALEJANDRO FERNÁNDEZ TRAIPE,PDG,,,
28,REGIÓN DE MAGALLANES Y DE LA ANTÁRTICA CHILENA,PARTIDO DE LA GENTE ,2,ALEJANDRA ELIZABETH TORO ABELLO,PDG,,,
28,REGIÓN DE MAGALLANES Y DE LA ANTÁRTICA CHILENA,PARTIDO DE LA GENTE ,3,ROBERTO SAHR DOMIAN,PDG,,,
28,REGIÓN DE MAGALLANES Y DE LA ANTÁRTICA CHILENA,"VERDES, REGIONALISTAS Y HUMANISTAS",1,RODRIGO UTZ CONTRERAS,IND,FREVS,,
28,REGIÓN DE MAGALLANES Y DE LA ANTÁRTICA CHILENA,"VERDES, REGIONALISTAS Y HUMANISTAS",2,THOMAS LORCA ALMONACID,FREVS,,,
28,REGIÓN DE MAGALLANES Y DE LA ANTÁRTICA CHILENA,"VERDES, REGIONALISTAS Y HUMANISTAS",3,ROSA GARAY MATAMALA,IND,FREVS,,
28,REGIÓN DE MAGALLANES Y DE LA ANTÁRTICA CHILENA,CAMBIO POR CHILE,1,ALEJANDRO RIQUELME DUCCI,REP,,,
28,REGIÓN DE MAGALLANES Y DE LA ANTÁRTICA CHILENA,CAMBIO POR CHILE,2,JUAN JOSÉ SRDANOVIC ARCOS,IND,,,
28,REGIÓN DE MAGALLANES Y DE LA ANTÁRTICA CHILENA,CAMBIO POR CHILE,3,JAVIERA CRISTINA CALVO RIFO,PSC,,,
28,REGIÓN DE MAGALLANES Y DE LA ANTÁRTICA CHILENA,CAMBIO POR CHILE,4,RAMÓN ALBERTO AGUILAR TOBAR,PNL,,,
28,REGIÓN DE MAGALLANES Y DE LA ANTÁRTICA CHILENA,UNIDAD POR CHILE ,1,JAVIERA MORALES,FA,,1.0,
28,REGIÓN DE MAGALLANES Y DE LA ANTÁRTICA CHILENA,UNIDAD POR CHILE ,2,VERÓNICA AGUILAR,IND,PR,,
28,REGIÓN DE MAGALLANES Y DE LA ANTÁRTICA CHILENA,UNIDAD POR CHILE ,3,IVANIA SALINAS,PC,,,
28,REGIÓN DE MAGALLANES Y DE LA ANTÁRTICA CHILENA,UNIDAD POR CHILE ,4,PABLO BUSSENIUS,PS,,,
28,REGIÓN DE MAGALLANES Y DE LA ANTÁRTICA CHILENA,INDEPENDIENTE ,1,CARLOS BIANCHI,IND,,1.0,
